birth,death,gender,hair,height,name,race,realm,spouse
Unknow,Unknow,Female,Unknow,Unknow,Adanel,Men,Unknow,Belemir
TA 2978,"February 26,, ,3019",Male,Dark (book) Light brown (movie),Unknow,Boromir,Men,Unknow,Unknow
Unknown,"March,, ,3019",Male,Unknow,Unknow,Lagduf,Orcs,Unknow,Unknow
"TA 280,[1]","TA 515,[2]",Male,Unknow,Unknow,Tarcil,Men,Arnor,Unnamed wife
Unknow,Unknow,Male,Unknow,Unknow,Fire-drake of Gondolin,Dragon,Unknow,Unknow
"SA 2709,[1]","SA 2962,[1]",Male,Unknow,Unknow,Ar-Adûnakhôr,Men,Númenor,Unnamed wife
Unknown,Unknown,Male,Unknow,Unknow,Annael,Elves,Unknow,Unknown
"YT, ?",FA 455,Male,Golden,Unknow,Angrod,Elves,Unknow,Eldalótë
Unknow,Unknow,Unknow,Unknow,Unknow,Angrim,Unknow,Unknow,Unknow
SA 3219,"SA 3440, (aged 221)",Male,Unknow,Unknow,Anárion,Men,Gondor,Unnamed wife
"SA 3118,[1]","Still alive, (Imprisoned in the ,Caves of the Forgotten,),[2]",Male,Unknow,Tall,Ar-Pharazôn,Men,Númenor,Tar-Míriel
"SA 2876,[1]","SA 3102,[1]",Male,Unknow,Unknow,Ar-Sakalthôr,Men,Númenor,Unnamed wife
SA 2960,SA 3177,Male,Unknow,Unknow,Ar-Gimilzôr,Men,Númenor,Inzilbêth
"TA 2866,[1]","TA 2977,[1]",Male,Unknow,Unknow,Angelimir,Men,Unknow,Unnamed wife
Unknow,Unknow,Unknow,Unknow,Unknow,Angelimar,Unknow,Unknow,Unknow
"Late ,Third Age, ?",Unknow,Male,Unknow,Unknow,Angbor,Men,Unknow,Unknow
"Perhaps ,Firstborn",Unknow,Unknow,Unknow,Unknow,Nurwë,Elves,Unknow,Unknow
Unknow,Unknow,Unknow,Unknow,Unknow,Linda (Baggins) Proudfoot,Unknow,Unknow,Unknow
Unknow,Unknow,Unknow,Unknow,Unknow,Bodo Proudfoot,Unknow,Unknow,Unknow
Unknown,FA 510,Male,Unknow,Tall,Penlod,Elves,Unknow,Unknown
"Early ,First Age, ?",Unknown,Male,Unknow,Tallest of the Elves of Gondolin,Pengolodh,Elves,Unknow,Unknown
"TA 654,[1]","TA 913,[2]",Male,Unknow,Unknow,Tarannon Falastur,Men,Gondor,Berúthiel
"SA 2277,[1]","SA 2637,[1]",Female,Unknow,Unknow,Tar-Vanimeldë,Men,Númenor,Herucalmo
"SA 1320,[1]","SA 1731,[1]",Female,Unknow,Unknow,Tar-Telperiën,Men,Númenor,None
"SA 2136,[1]","SA 2526,[1]",Male,Unknow,Unknow,Tar-Telemmaitë,Men,Númenor,Unnamed wife
"SA 1174,[1]","SA 1574,[1]",Male,Unknow,Unknow,Tar-Súrion,Men,Númenor,Unnamed wife
"SA 3035,[1]","SA 3255,[1]",Male,Unknow,Unknow,Tar-Palantir,Men,Númenor,Unnamed wife
"SA 3117,[1]",SA 3319,Female,Unknow,Unknow,Tar-Míriel,Men,Númenor,Ar-Pharazôn
"SA 1474,[1]","SA 1873,[1]",Male,Unknow,Unknow,Tar-Minastir,Men,Númenor,Unnamed wife
SA 350,SA 751,Male,Unknow,Unknow,Tar-Elendil,Men,Númenor,Unnamed wife
SA 2516,SA 2825,Male,Unknow,Unknow,Tar-Calmacil,Men,Númenor,Unnamed wife
"SA 1800,[1]","SA 2221,[1]",Male,Unknow,Unknow,Tar-Atanamir,Men,Númenor,Unnamed wife
"SA 543,[2]","SA 942,[2]",Male,Unknow,Unknow,Tar-Meneldur,Men,Númenor,Almarian
"SA 2618,[1]","SA 2899,[1]",Male,Unknow,Unknow,Tar-Ardamin,Men,Númenor,Unnamed wife
"SA 1634,[2]","SA 2035,[2]",Male,Unknow,Unknow,Tar-Ciryatan,Men,Númenor,Unnamed wife
"SA 1003,[1]","SA 1404,[1]",Male,Unknow,Unknow,Tar-Anárion,Men,Númenor,Unnamed wife
"SA 873,[2]","SA 1285,[2]",Female,Unknow,Unknow,Tar-Ancalimë,Men,Númenor,Hallacar
"SA 1986,[1]","SA 2386,[1]",Male,Unknow,Unknow,Tar-Ancalimon,Men,Númenor,Unnamed wife
"SA 192,[1]","SA 603,[1]",Male,Unknow,Unknow,Tar-Amandil,Men,Númenor,Unnamed wife
"SA 2406,[1]","SA 2737,[1]",Male,Unknow,Unknow,Tar-Alcarin,Men,Númenor,Unnamed wife
Unknow,Unknow,Unknow,Unknow,Unknow,Tanta (Hornblower) Baggins,Unknow,Unknow,Unknow
TA 2922,Unknow,Female,Dark,Tall,Morwen Steelsheen,Men,Rohan,Thengel
Unknow,Unknow,Unknow,Unknow,Unknow,Squint-eyed Southerner,Unknow,Unknow,Unknow
SA 799,"Early ,Second Age,?",Male,Unknow,Unknow,Soronto,Men,Unknow,None
"SA 700,[1]","SA 1098,[1]",Male,Unknow,Unknow,Tar-Aldarion,Men,Númenor,Erendis
"YT, ?, and perhaps Firstborn",YT 1495,Male,Black,Unknow,Finwë,Elves,"Tirion,Formenos","Míriel Serindë,, then ,Indis"
"YT 1300,[3]",FA 465,Male,Golden,Unknow,Finrod,Elves,Unknow,"Loved ,Amarië,, but they never married"
"YT, ? during the ,Noontide of Valinor",FA 472,Male,Dark,Unknow,Fingon,Elves,Hithlum,Unknow
"YT 1190,[1]",FA 455,Male,Dark,Unknow,Fingolfin,Elves,"Hithlum,Beleriand",Anairë
"TA 2950,[1]","TA 2988,[1]",Female,Dark?,Unknow,Finduilas of Dol Amroth,Men,Unknow,Denethor II
First Age,"FA 495,[1]",Female,Golden,Unknow,Finduilas,Elves,Unknow,"None; betrothed to ,Gwindor, but never married."
Years of the Trees,Unknow,Female,Unknow,Unknow,Findis,Elves,Unknow,Unknow
"Fourth Age, ?","sometime after ,FO 172",Male,Unknow,Unknow,Findegil,Men,Unknow,Unknown
"YT 1230,[2]",Still Alive,Male,Golden,Unknow,Finarfin,Elves,Tirion,Eärwen
Unknow,Unknow,Unknow,Unknow,Unknow,Fimbrethil,Unknow,Unknow,Unknow
"TA 2701, (SR 1101)","TA 2801, (SR 1201) (aged 100)",Male,Unknow,Unknow,Ferumbras Took II,Hobbits,Unknow,Unnamed wife
"Late ,Third Age","Early ,Fourth Age",Male,Brown (film),Unknow,Bill Ferny,Men,Unknow,Unknown
TA 2870,TA 2953,Male,Unknow,Unknow,Fengel,Men,Rohan,Unknow
Unknow,Unknow,Unknow,Unknow,Unknow,Fastred of Greenholm,Unknow,Unknow,Unknow
"Late ,Third Age, ?","March 15,, ,3019",Male,Unknow,Unknow,Fastred (Pelennor Fields),Men,Unknow,Unknown
TA 2858,"TA 2885, (27 years old)",Male,Unknow,Unknow,Fastred,Men,Unknow,Unknow
SR 1210,Unknow,Male,Unknow,Unknow,Fastolph Bolger,Hobbits,Shire,Pansy Baggins
TA 2560,TA 2803,Male,Unknow,Unknow,Farin,Dwarves,Unknow,Unnamed wife
"Mid ,Third Age, ?","TA 1944,[1]",Male,Unknow,Unknow,Faramir (son of Ondoher),Men,Unknow,Unknown
"TA 2983,[1]","February 26,, ,82,[2], (aged 120)",Male,Raven,Unknow,Faramir,Men,Minas Ithil,Éowyn
Unknow,Unknow,Unknow,Unknow,Unknow,Falathar,Unknow,Unknow,Unknow
Unknow,Unknow,Unknow,Unknow,Unknow,Elfstan Fairbairn,Unknow,Unknow,Unknow
Unknown,"February 29, ,3019",Male,Unknow,Unknow,Snaga (Two Towers orc),Orcs,Unknow,Unknow
Unknown,TA 3019,Male,Unknow,Unknow,Snaga,Orcs,Unknow,Unknow
"Unknown, first appeared in ,TA 2770","November 1,, ,TA 2941,[1],[2]",Male,Unknow,Unknow,Smaug,Dragons,Lonely Mountain,Unknow
Unknow,Unknow,Unknow,Unknow,Unknow,Seers,Unknow,Unknow,Unknow
"Late ,Third Age, ?",Unknow,Male,Unknow,Unknow,Robin Smallburrow,Hobbits,Unknow,Unknow
"TA 570,[1]","TA 830,[2]",Male,Unknow,Unknow,Siriondil,Men,Gondor,Unnamed wife
"SA 521,[1]",Unknown,Female,Unknow,Unknow,Silmariën,Men,Unknow,Elatan
"Unknown, possibly during the ,First Age","Unknown, possibly TA 3019",Female,Unknow,Large and immense,Shelob,Great Spiders,Torech Ungol,Unknow
TA 2050,Unknow,Male,Unknow,7'1,Shagrat,Black Uruk,Cirith Ungol,Unknow
Unknown,TA 2000,Male,None,Unknow,Scatha,Dragons,Unknow,Unknow
"Before the creation of ,Arda","March 25,, ,3019, (physical death only- immortal)",Male,Various ,"Various until , (physical body),, 9 feet 2.1 inches (2.78 metres) (movie)",Sauron,Maiar,Unknow,None
"Before the creation of ,Arda","3 November,, ,3019, (book); ,March 3, ,3019, (film)",Male,White,Unknow,Saruman,Maiar,"Isengard,Nan Curunír",None
Unknow,Unknow,Unknow,Unknow,Unknow,Saradoc Brandybuck,Unknow,Unknow,Unknow
Before the creation of Arda,Immortal,Male,Unknow,Unknow,Salmar,Ainur,Unknow,Unknown
SR 1308,"SR 1407, (aged 99)",Male,Unknow,Unknow,Saradas Brandybuck,Hobbits,Unknow,Unknow
"Mid-,Third Age, ?",Unknow,Male,Unknow,Unknow,Sangahyando,Men,Unknow,Unknown
TA 2920,FO 50,Male,Unknow,Unknow,Ted Sandyman,Hobbits,Unknow,Unknown
Unknow,Unknow,Unknow,Unknow,Unknow,Sandyman,Unknow,Unknow,Unknow
Unknown,Fate officially unknown,Male,Unknow,Short,Salgant,Elves,Unknow,Unknown
Unknown,Unknown,Male,Unknow,Unknow,Sagroth,Men,Unknow,Unknown
"YT,?","FA 484,[1]",Male,Unknow,Unknow,Saeros,Elves,Unknow,Unknown
Fourth Age,Unknow,Male,Unknow,Unknow,Saelon,Men,Unknow,Unknow
"about ,FA 430,[1]","FA 495,[1]",Male,Unknow,Unknow,Sador,Men,Unknow,None known
SR 1179,Unknow,Male,Unknow,Unknow,Sadoc Brandybuck,Hobbits,Unknow,Unnamed wife
"TA 2964, (SR 1364)","TA 3019, (,SR 1418,)",Male,Sandy,"1.22m (4'0"") ?",Lotho Sackville-Baggins,Hobbits,Unknow,None
"TA 2918, (SR 1318)","TA 3020, (SR 1420)",Female,Unknow,"1.17m (3'10"")",Lobelia Sackville-Baggins,Hobbit,Unknow,Otho Sackville-Baggins
Unknow,Unknow,Unknow,Unknow,Unknow,Camellia (Sackville) Baggins,Unknow,Unknow,Unknow
"TA 1126,[1]","TA 1366,[1]",Male,Unknow,Unknow,Rómendacil II,Men,Gondor,Unnamed wife
"YT,?",Unknow,Male,Unknow,Unknow,Rúmil (Noldo),Elves,Unknow,Unknow
"TA 310,[1]","TA 541,[2]",Male,Unknow,Unknow,Rómendacil I,Men,Gondor,Unnamed wife
c. T.A. 2328,Unknown,Female,Unknow,Unknow,Rían (Gondor),Men,Unknow,Unnamed husband
"FA 450,[1]",FA 473,Female,Unknow,Unknow,Rían,Men,Unknow,Huor
Unknow,Unknow,Male,Unknow,Unknow,Rufus Burrows,Hobbit,Unknow,Asphodel Brandybuck
Unknow,Unknow,Unknow,Unknow,Unknow,Ruffian Leader,Unknow,Unknow,Unknow
Unknow,Unknow,Male,Unknow,Unknow,Rúmil of Lórien,Elves,Unknow,Unknow
Unknow,Unknow,Unknow,Unknow,Unknow,Rudolph Bolger,Unknow,Unknow,Unknow
SR 1255,SR 1348,Male,Unknow,Unknow,Rudigar Bolger,Hobbits,Bree,Belba Baggins
Unknow,Unknow,Unknow,Unknow,Unknow,Ruby Gamgee,Unknow,Unknow,Unknow
TA 2788,Unknow,Male,Unknow,Unknow,Roäc,Raven,Unknow,Unknow
"TA 2849, (,SR 1249,)","Late ,Third Age",Male,Unknow,Unknow,Rowan Greenhand,Hobbits,Shire,Belba Baggins
Unknow,Unknow,Unknow,Unknow,Unknow,Andwise Roper,Unknow,Unknow,Unknow
Unknown,FA 510,Male,Unknow,Unknow,Rog,Elves,Unknow,Unknown
Unknow,Unknow,Unknow,Unknow,Unknow,River-woman,Unknow,Unknow,Unknow
"Mid ,First Age, ?",FA 460,Male,Unknow,Unknow,Ragnor,Men,Unknow,Unknown
"Late ,First Age, ?",Late First Age ?,Male,Unknow,Unknow,Ragnir,Men,Unknow,Unknown
"Late ,First Age, ?",FA 460,Male,Unknow,Unknow,Radhruin,Men,Unknow,Unknown
Unknow,Unknow,Unknow,Unknow,Unknow,Radbug,Unknow,Unknow,Unknow
"Before the creation of ,Arda",None,Male,Brown-gray (films),Unknow,Radagast,Maiar,Unknow,None
Unknow,Unknow,Unknow,Unknow,Unknow,Olo Proudfoot,Unknow,Unknow,Unknow
Unknow,Unknow,Unknow,Unknow,Unknow,Sancho Proudfoot,Unknow,Unknow,Unknow
"TA 2904, (SR 1304)","TA 3005, (SR 1405)",Male,Brown Gray (movie),Unknow,Odo Proudfoot,Hobbits,Unknow,Mrs. Proudfoot
"Late ,Third Age, ?",Unknown,Female,Unknow,Unknow,Mrs. Proudfoot,Hobbits,Unknow,Odo Proudfoot
Unknown,FA 486,Male,Unknow,Unknow,Khîm,Dwarves,Unknow,Unknown
Second Age,Unknow,Male,White,Unknow,Khamûl,"Men,Wraith","Rhûn,Dol Guldur,Sauron",Unknow
"TA 2947,[1]",Unknown,Female,Unknow,Unknow,Ivriniel,Men,Unknow,Unknown
TA 2857,"TA 2929, ?",Female,Brown (film),Unknow,Ivorwen,Men,Unknow,Dírhael
SA 532,Unknown,Female,Unknow,Unknow,Isilmë,Men,Unknow,Unknown
"After ,SA 1320","Before ,SA 1731",Male,Unknow,Unknow,Isilmo,Men,Unknow,Unnamed wife
SA 3209,TA 2,Male,Black,Very tall almost 7'1,Isildur,Men,"Arnor,Gondor",Unnamed wife
"TA 2832, (SR 1232)","TA 2930, (SR 1330)",Male,Unknow,Unknow,Isengrim Took III,Hobbits,Unknow,Not married
"TA 2842, (SR 1242)","TA 2946, (SR 1346)",Male,Unknow,Unknow,Isembold Took,Hobbits,Unknow,Unnamed wife ?
"Before the creation of ,Arda",Immortal,Male,Unknow,Unknow,Irmo,Ainur,Unknow,Estë
"b. ,TA 2990","Early-,Fourth Age",Male,Unknow,Unknow,Iorlas,Men,Unknow,Unknow
"Late ,Third Age, ?",Unknown,Female,Unknow,Unknow,Ioreth,Men,Unknow,Unknown
"Late ,Second Age, ?",Unknown,Female,Unknow,Unknow,Inzilbêth,Men,Unknow,Ar-Gimilzôr
Unknow,Unknow,Unknow,Unknow,Unknow,Inigo Baggins,Unknow,Unknow,Unknow
"YT, ?","Unknown, probably still alive",Male,Probably Golden,Unknow,Ingwion,Elf,Unknow,Unknown
"YT, ?, and perhaps firstborn",Still Alive,Male,Probably Golden,Tall,Ingwë,Elves,"Valinor,Taniquetil",Unnamed wife
"Late ,Third Age","Early ,Fourth Age",Male,Unknow,Unknow,Ingold,Men,Unknow,Unknow
"Mid ,First Age, ?","FA 495, (presumed dead),[1]",Male,Unknow,Unknow,Indor,Men,Unknow,Unnamed wife
Unknow,Still Alive,Female,Golden,Tall,Indis,Elves,Tirion,Finwë
"TA 1950,[1]","TA 2076,[1]",Male,Unknow,Unknow,Imrazôr,Men,Unknow,Mithrellas
"TA 2955,[1]","FO 34,[1]",Male,Black,Tall,Imrahil,Men,Unknow,Unnamed wife
"around FA 325,[1]","First Age, ?",Male,Unknow,Unknow,Imlach,Men,Unknow,Unnamed wife
"Unknown, Awakened in the ,Years of the Trees",Unknown,Female,Unknow,Unknow,Iminyë,Elves,Unknow,Imin
"Unknown, Awakened in the ,Years of the Trees",Unknown,Male,Unknow,Unknow,Imin,Elves,Unknow,Iminyë
Unknow,Unknow,Male,"Varies, White ?",Varies,Eru Ilúvatar,God,Timeless Halls,None
"Before the creation of ,Arda",Unknow,Female,Unknow,Unknow,Ilmarë,Ainur,Unknow,Unknow
"YT 1469,[2]",Still Alive,Female,Golden,Tall,Idril,Elves,Unknow,Tuor
Unknown,FA 489,Male,Unknow,Unknow,Ibûn,Dwarves,Unknow,"Unknown, possibly none"
"Mid-,Third Age,?","Mid-,Third Age,?",Male,Unknow,Unknow,Húrin of Emyn Arnen,Men,Unknow,Unknown
"TA 2515,[1]","TA 2628,[1]",Male,Unknow,Unknow,Húrin II,Men,Unknow,Unnamed wife
"TA 2124,[1]","TA 2244,[2]",Male,Unknow,Unknow,Húrin I,Men,Unknow,Unnamed wife
"FA 441,[1],[2]","FA 502,[3]",Male,"Golden, grey (in old age)",Unknow,Húrin,Men,Unknow,Morwen Eledhwen
"Late ,Third Age, ?","Winter of ,TA 2759",Male,Unknow,Unknow,Háma (Helm's son),Men,Unknow,Unknown
TA 2975,"March 3, or ,4,, ,3019",Male,Reddish brown (movie),Unknow,Háma,Men,Unknow,"Unknown, possibly none"
"TA 1391,[1]","TA 1621,[2]",Male,Unknow,Unknow,Hyarmendacil II,Men,Gondor,Unnamed wife
"TA 899,[1]","TA 1149,[2]",Male,Unknow,Unknow,Hyarmendacil I,Men,Gondor,Unnamed wife
Unknow,Unknow,Unknow,Unknow,Unknow,Hurin (Warden of the Keys),Unknow,Unknow,Unknow
FA 442,FA 473,Male,Golden,Tallest of all mortal men save his son Tuor only,Huor,Men,Unknow,Rían
"Late ,FA, ?",FA 499,Male,Unknow,Unknow,Hunthor,Men,Unknow,Unnamed wife
"Late ,First Age, ?",FA 473,Male,Unknow,Unknow,Hundar,Men,Unknow,Unnamed wife
"Mid ,FA, ?",Mid FA ?,Male,Unknow,Unknow,Hundad,Men,Unknow,Unnamed wife
First Age,FA 466,Male,Unknow,Horse-sized,Huan,Wolfhound,Unknow,Unknow
Unknow,Unknow,Unknow,Unknow,Unknow,Tobold Hornblower,Unknow,Unknow,Unknow
"Late ,Third Age,?","Late ,TA 3018",Male,Unknow,Unknow,Tobias Hornblower,Hobbits,Shire,Unknow
Unknow,Unknow,Unknow,Unknow,Unknow,Tanta Hornblower,Unknow,Unknow,Unknow
"Possibly late ,Third Age","March 15,, ,TA 3019",Male,Blond (Video game),Unknow,Horn,Men,Unknow,Unknow
"Before the creation of ,Arda",Immortal,Male,Unknow,Unknow,Eönwë,Ainur,Unknow,Unknow
"YT, ?",FA 400,Male,Dark,Tall,Eöl,Elves,Nan Elmoth,Aredhel
"Years of the Trees,?",Still alive,Female,Star-like ,Unknow,Eärwen,Elves,Unknow,Finarfin
"TA 1928,[1]","TA 2050,[2]",Male,Unknow,Unknow,Eärnur,Men,Gondor,None
"TA 1883,[1]","TA 2043,[1]",Male,Unknow,Unknow,Eärnil II,Men,Gondor,Unnamed wife
"TA 736,[1]","TA 936,[2]",Male,Unknow,Unknow,Eärnil I,Men,Gondor,Unnamed wife
SA 361,"Early ,Second Age,?",Male,Unknow,Unknow,Eärendur of Númenor,Men,Unknow,Unnamed wife
"TA 640,[1]","TA 861,[2]",Male,Unknow,Unknow,Eärendur of Arnor,Unknow,Unknow,Unnamed wife
"Late ,Second Age,?",Late Second Age?,Male,Unknow,Unknow,Eärendur (Lord of Andúnië),Men,Unknow,Unknow
"TA 48,[1]","TA 324,[2]",Male,Unknow,Unknow,Eärendil of Gondor,Men,Gondor,Unnamed wife
"FA 503,[2]",Still Alive,Male,Golden,Unknow,Eärendil,Half-elven,Unknow,Elwing
"Before the creation of ,Arda",Immortal,Female,Unknow,Unknow,Estë,Ainur,Unknow,"Irmo, (Lórien)"
"Late ,Second Age","Early ,Third Age",Male,Unknow,Unknow,Estelmo,Men,Unknow,Unknow
"Late ,Third Age, ?","early ,Fourth Age, ?",Male,Unknow,Tall,Erkenbrand,Men,Unknow,Unknown
Unknow,Unknow,Male,Unknow,Unknow,Erestor,Elves,Unknow,Unknow
"SA 771,[1]",SA 985,Female,Dark,Unknow,Erendis,Men,Númenor,Tar-Aldarion
unknown,unknown,Male,Unknow,Unknow,Erellont,Elves,Unknow,unknown
TA 2990,"Early ,Fourth Age, ?",Male,Unknow,Unknow,Erchirion,Men,Unknow,Unknown
"TA 1999,[1]","TA 2116,[2]",Male,Unknow,Unknow,Eradan,Men,Unknow,Unnamed wife
"TA 2995,[4]","FO,?",Female,Pale gold,Tall,Éowyn,Men,Unknow,Faramir
TA 2485,TA 2545,Male,Blond,Unknow,Eorl the Young,Men,Rohan,Unnamed wife
TA 2990,FO 63,Male,Dirty blond,Tall-6'6,Éomer,Men,Rohan,"Lothíriel,, after the War of the Ring"
"Unknown, possibly in the ,First Age",Unknown,Male,Unknow,Unknow,Enerdhil,Elves,Unknow,Unknown
"Unknown, Awakened in the ,Years of the Trees",Unknown,Female,Unknow,Unknow,Enelyë,Elves,Unknow,Enel
"Unknown, Awakened in the Years of the Trees",Unknown,Male,Unknow,Unknow,Enel,Elves,Unknow,Enelyë
"FA 406,[1]",Unknown,Female,Unknow,Unknow,Emeldir,Men,Unknow,Barahir
"FA 503,[1]",Still Alive,Female,Dark,Unknow,Elwing,Half-elven,Unknow,Eärendil
"FA 500,[1]","FA 506,[1]",Male,Possibly dark,Unknow,Eluréd and Elurín,Elves,Unknow,Unknow
"FA 532,[1]","SA 442, (aged 500),[2]",Male,Unknow,Unknow,Elros,Half-elven,Númenor,Unnamed wife
"FA 532,[1]","Still alive; departed to ,Aman, on ,September 29,, ,3021,[2]",Male,Dark,Tall,Elrond,Half-elven,Rivendell,Celebrían
"TA 2987,[1]","FO 57,[1]",Male,Unknow,Unknow,Elphir,Men,Unknow,Unnamed wife
Unknow,Unknow,Unknow,Unknow,Unknow,Elmo,Unknow,Unknow,Unknow
"TA 130,[1]",Unknow,Male,Dark,Tall,Elladan and Elrohir,Elves,Unknow,Unknow
FO 8,FO 103,Male,Unknow,Unknow,Elfwine,Men,Rohan,Unknown
TA 2950,"TA 2978,[1]",Female,Unknow,Unknow,Elfhild,Men,Rohan,Théoden
TA 2985,"Early ,Fourth Age, ?",Male,Dark,Unknow,Elfhelm,Men,Unknow,Unknown
"YT,?","YT 1500,[1]",Female,Golden,Tall,Elenwë,Elves,Unknow,Turgon
"TA 552,[1]","TA 777,[1]",Male,Unknow,Unknow,Elendur of Arnor,Men,Arnor,Unnamed wife
"SA 3299,[1]","TA 2,[2]",Male,Unknow,Unknow,Elendur,Men,Unknow,Unnamed wife
SA 3119,"SA 3441, (aged 323) ,[1]",Male,Brown,"7' 10""",Elendil,Men,"Arnor,Gondor",Unnamed wife
Unknown,Presumably still alive,Unknown,Unknow,Unknow,Elemmírë (elf),Elves,Unknow,Unknown
Unknown,"FA 510,[1],(presumably)",Male,Unknow,Unknow,Elemmakil,Elves,Unknow,Unknown
FO 43,"Before ,FO 220",Male,Dark,Unknow,Eldarion,Men,"Reunited Kingdom,Arnor,Gondor",Unknown
"YT, ?",Unknown,Female,Unknow,Unknow,Eldalótë,Elves,Unknow,Angrod
TA 1255,TA 1490,Male,Unknow,Unknow,Eldacar (King of Gondor),Men,Gondor,Unnamed wife
"TA 87,[1]","TA 339,[2]",Male,Unknow,Unknow,Eldacar (King of Arnor),Men,Arnor,Unnamed wife
Unknow,Unknow,Male,Unknow,Unknow,Elboron,Men,Unknow,Unknow
"Early ,Second Age, ?",Early Second Age ?,Male,Unknow,Unknow,Elatan,Men,Unknow,Silmariën
"Mid ,First Age, ?","Between ,FA 455, - ,FA 460,[1]",Female,Unknow,Unknow,Eilinel,Men,Unknow,Gorlim
"Late ,Third Age,?",Late Third Age?,Female,Unknow,Unknow,Eglantine (Banks) Took,Hobbits,Unknow,Paladin Took II
Unknown,FA 538,Male,Unknow,Unknow,Egalmoth (elf),Elves,Unknow,"Unknown, possibly none"
"TA 2626,[1]","TA 2743,[2]",Male,Unknow,Unknow,Egalmoth,Men,Unknow,Unnamed wife
Unknow,FA 465,Male,Unknow,Unknow,Edrahil,Elf,Unknow,Unknow
Unknown,FA 510,Male,Dark,Unknow,Ecthelion of the Fountain,Elves,Unknow,Unknown
"TA 2886,[1]","TA 2984, (aged 98),[2]",Male,Unknow,Unknow,Ecthelion II,Men,Unknow,Unnamed wife
"TA 2600,[1]","TA 2698,[2]",Male,Unknow,Unknow,Ecthelion I,Men,Unknow,Possibly none
Unknow,Unknow,Unknow,Unknow,Unknow,Ebor,Unknow,Unknow,Unknow
"Late ,Third Age, ?","March 15,, ,3019",Male,Unknow,Unknow,Dúnhere,Men,Unknow,Unknown
"TA 2760,[1]","After ,TA 2941, ?",Female,Unknow,Unknow,Dís,Dwarves,Unknow,Unknow
"Late ,First Age, ?",Late First Age ?,Male,Unknow,Unknow,Dírhavel,Men,Unknow,Unknown
TA 2838,"After ,TA 2929",Male,Brown (film),Unknow,Dírhael,Men,Unknow,Ivorwen
"Late ,Third Age, ?","March 15,, ,3019",Male,Unknow,Unknow,Déorwine,Men,Unknow,Unknown
TA 2644,TA 2718,Male,Unknow,Unknow,Déor,"Men,Rohirrim",Rohan,Unknow
"Between TA 2400 and ,TA 2430,?",TA 2463,Male,Dark-brown,Unknow,Déagol,Hobbits,Unknow,None
TA 3011,Unknown,Male,Unknow,Unknow,Borlas,Men,Unknow,Unnamed wife
"Late ,First Age, ?",FA 473,Male,Unknow,Unknow,Borlad,Men,Unknow,Unnamed wife
TA 1879,TA 1998,Male,Unknow,Unknow,Pelendur,Men,Unknow,Unknown
Before the creation of Arda,Unknown,Male,Unknow,Unknow,Pallando,Ainur,Unknow,Unknow
"TA 2910, (SR 1309)","TA 3012, (SR 1411)",Male,Unknow,"1.22m (4'0"")",Otho Sackville-Baggins,Hobbits,Unknow,Lobelia Sackville-Baggins
"TA 222,[1]","TA 492,[2]",Male,Unknow,Unknow,Ostoher,Men,Gondor,Unnamed wife
"Before the creation ,Arda",Immortal,Male,Unknow,Unknow,Ossë,Ainur,Unknow,Uinen
Unknown,Unknown,Male,Unknow,Unknow,Orophin,Elves,Unknow,Unknow
First Age,SA 3434,Male,Unknow,Unknow,Oropher,Elves,Woodland Realm,Unnamed wife
"Before the creation of ,Arda",Immortal,Male,Unknow,Varies,Oromë,Ainur,Unknow,Vána
SA 382,Unknown,Male,Unknow,Unknow,Oromendil,Men,Unknow,Unknown
"TA 2576,[1]","TA 2685,[2]",Male,Unknow,Unknow,Orodreth (Steward),Men,Unknow,Unnamed wife
"YT,?","FA 495,, ,Battle of Tumhalad",Male,Golden,Unknow,Orodreth,Elves,Nargothrond,Unnamed wife
Unknow,Unknow,Unknow,Unknow,Unknow,Orleg,Unknow,Unknow,Unknow
TA 2865,"TA 2994,[1]",Male,Unknow,Unknow,Ori,Dwarves,Unknow,Unknow
Unknown,FA 510,Male,Unknow,Unknow,Orcobal,Orcs,Unknow,Unknow
"Sometime before ,SA 799",Unknown,Male,Unknow,Unknow,Orchaldor,Men,Unknow,Ailinel
"TA 1787,[1]","TA 1944,[2]",Male,Unknow,Unknow,Ondoher,Men,Gondor,Unnamed wife
Possibly Firstborn,Still Alive,Male,Silver,Unknow,Olwë,Elves,"Tol Eressëa,Alqualondë",Unnamed Wife
TA 2923,"Early ,Fourth Age, ?",Male,Unknow,Unknow,Old Noakes,Hobbits,Unknow,Unnamed wife
Unknow,Unknow,Unknow,Unknow,Unknow,Old Man Willow,Unknow,Unknow,Unknow
"Late ,Second Age, ?",Unknown,Male,Unknow,Unknow,Ohtar,Men,Unknow,Unknown
"Early ,Second Age, ?",Unknown,Female,Unknow,Unknow,Núneth,Men,Unknow,Beregar
Late Second Age ?,SA 3065,Male,Unknow,Unknow,Númendil,Men,Unknow,Unnamed wife
"Late ,Third Age, ?",Late Third Age ?,Male,Unknow,Unknow,Nár,Dwarves,Unknow,Unknown
"Late ,Third Age, ?",TA 2994,Male,Unknow,Unknow,Náli,Dwarves,Unknow,Unknown
"TA 2338,[1]","TA 2585,[1]",Male,Unknow,Unknow,Náin II,Dwarves,Grey Mountains,Unnamed wife
TA 1832,TA 1981,Male,Unknow,Unknow,Náin I,Dwarves,Khazad-dûm,Unnamed wife
TA 2665,TA 2799,Male,Unknow,Unknow,Náin (father of Dáin II Ironfoot),Dwarves,Unknow,Unnamed wife
"Late ,Third Age",Unknow,Male,Unknow,Unknow,Hob Hayward,Hobbits,Shire,Unknow
"TA 2846, (SR 1246)",Unknown,Male,Unknow,Unknow,Hob Gammidge,Hobbit,Unknow,Rowan
"Late ,Third Age, ?","March 15,, ,3019",Male,Unknow,Tall,Hirluin,Men,Unknow,Unknown
Unknow,Unknow,Unknow,Unknow,Unknow,Hild,Unknow,Unknow,Unknow
"Late ,Third Age, ?",TA 3019,Male,Unknow,Tall,Hirgon,Men,Unknow,Unknown
FO 41,Unknow,Male,Unknow,Unknow,Herumor (Fourth Age),Men,Unknow,Unknow
Second Age,Unknow,Male,Unknow,Unknow,Herumor,Men,Unknow,Unknow
SA 2286,SA 2657,Male,Unknow,Unknow,Herucalmo,Men,Unknow,Tar-Vanimeldë
"Late-,Third Age","March 15,, ,3019",Male,Unknow,Unknow,Herubrand,Men,Unknow,Unnamed wife
"TA 2037,[1]","TA 2148,[2]",Male,Unknow,Unknow,Herion,Men,Unknow,Unnamed wife
Unknown,Unknown,Male,Unknow,Unknow,Hendor,Elves,Unknow,Unknown
"Late-,Third Age","March 15,, ,3019",Male,Gray,Unknow,Herefara,Men,Unknow,Unnamed wife
"Early ,Second Age, ?",unknown,Male,Unknow,Unknow,Henderch,Men,Unknow,Unknow
TA 2691,TA 2759,Male,Unknow,Unknow,Helm Hammerhand,Men,Rohan,Unnamed wife
Unknow,Unknow,Unknow,Unknow,Unknow,Mat Heathertoes,Unknow,Unknow,Unknow
"Sometime before ,SA 799",Unknown,Male,Unknow,Unknow,Hatholdir,Men,Unknow,Unnamed wife
F.A. 365,Unknow,Male,Unknow,Unknow,Hathol,Men,Unknow,Unknow
"Mid ,First Age, ?","FA 460,[1]",Male,Unknow,Unknow,Hathaldir,Men,Unknow,Unknown
FA 419,Unknow,Female,Unknow,Unknow,Hareth,Men,Unknow,Galdor
"Late ,Third Age, ?","March 15,, ,3019",Male,Unknow,Unknow,Harding,Men,Unknow,Unknown
"FA 470,[1]","FA 501,[1]",Male,Unknow,Unknow,Hardang,Men,Unknow,None
FA 441,FA 495,Unknow,Unknow,Unknow,Handir,Men,Brethil,Beldis
TA 2760,Unknown,Male,Unknow,Unknow,Hamfast of Gamwich,Hobbit,Unknow,Unnamed wife
"Late ,First Age, ?",Late First Age ?,Male,Unknow,Unknow,Halmir,Men,Unknow,Unnamed wife
"SA 711,[1]","Mid ,Second Age, ?",Male,Unknow,Unknow,Hallatan,Men,Unknow,Unnamed wife
"TA 2480,[1]","TA 2605,[2]",Male,Unknow,Unknow,Hallas (Steward),Men,Unknow,Unnamed wife
"SA 852,[1]","SA 1211,[1]",Male,Unknow,Unknow,Hallacar,Men,Unknow,Tar-Ancalimë
"Late ,Third Age, ?","Winter of ,TA 2758",Male,Unknow,Unknow,Haleth (Helm's son),Men,Unknow,Unknown
FA 341,FA 420,Female,Unknow,Unknow,Haleth,Men,Unknow,None
Unknown,"TA 3019, (films)",Male,Golden,Unknow,Haldir (Lorien),Elves,Unknow,Unknown
"FA 413, ?",FA 473,Male,Unknow,Unknow,Haldir (Haladin),Men,Unknow,Glóredhel
Unknow,Unknow,Unknow,Unknow,Unknow,Haldar,Unknow,Unknow,Unknow
Unknow,Unknow,Unknow,Unknow,Unknow,Haldad,Unknow,Unknow,Unknow
TA 2916,"March 15,, ,3019",Male,Black,Tall,Halbarad,Men,Unknow,Unknown
"FA 390,[1]","FA 455,[1]",Male,Golden,Unknow,Hador,Men,Unknow,Gildis
"Late-,Third Age, ?","February 28,, ,3019",Male,Unknow,Unknow,Gárulf,Men,Unknow,Unknow
"TA 2245,[1]","TA 2395,[2]",Male,Unknow,Unknow,Hador (Steward),Men,Unknow,Unnamed wife
"TA 2767,[1]","March 17,, ,3019,[2]",Male,Unknow,4'5 - 5' (Estimate) ,Dáin II Ironfoot,Dwarves,Lonely Mountain,Unnamed wife
TA 2440,TA 2589,Male,Unknow,Unknow,Dáin I,Dwarves,Grey Mountains,Unnamed wife
TA 2772,FO 91,Male,Brown,Unknow,Dwalin,Dwarves,Unknow,Unknow
"Before the creation of ,Arda","January 25, ,3019",Male,Mane of red flames,"Slightly larger and taller than a Man (book), 20 feet (movie)",Durin's Bane,"Maiar,Balrog",Unknow,Unknow
FO 2,Unknow,Male,Unknow,Unknow,Durin VII,Dwarves,Khazad-dum,Unknow
Unknow,Unknow,Unknow,Unknow,Unknow,Durin,Unknow,Unknow,Unknow
"Late-,Third Age, ?","Early-,Fourth Age, ?",Male,Dark (Decipher Card),Tall,Duinhir,Men,Unknow,Unnamed wife
"Late ,Third Age",TA 3019,Male,Unknow,Unknow,Duilin,Men,Unknow,Unknow
Unknow,FA 465,Male,Unknow,Unknow,Draugluin,Werewolves,Unknow,Unknow
"Late ,First Age, ?",FA 499,Males,Unknow,Unknow,Dorlas,Men,Unknow,Unknown
TA 2827,Unknow,Male,Gray (film),Unknow,Dori,Dwarves,Unknow,Unknown
Unknow,Unknow,Male,Unknow,Unknow,Dodinas Brandybuck,Hobbits,Unknow,Unknow
"TA 2328,[1]","TA 2435, (aged 107),[2]",Male,Unknow,Unknow,Dior (Steward),Men,Unknow,Possibly none
"FA 470, ,[1]","FA 506, ,[2]",Male,Possibly dark,Unknow,Dior,Half-elven,Doriath,Nimloth
Unknow,Unknow,Unknow,Unknow,Unknow,Dina Diggle,Unknow,Unknow,Unknow
"SR 1316,[1]","SR 1410,[1], (aged 94)",Male,Unknow,Unknow,Dinodas Brandybuck,Hobbits,Unknow,Unknow
"TA 2995, (SR 1395)","Before ,FO 63",Female,Brown (film),Unknow,Diamond Took,Hobbits,Unknow,Peregrin Took
"Late ,Third Age, ?",Unknown,Male,Unknow,Unknow,Dervorin,Men,Unknow,Unknown
"Late ,Third Age, ?","Mid ,March,, ,3019",Male,Unknow,Unknow,Derufin,Men,Unknow,Unknown
"TA 2930,[1]","March 15,, ,3019, (aged 89),[2]",Male,"Dark, grey (in old age)",Unknow,Denethor II,Men,Unknow,Finduilas
"TA 2375,[1]","TA 2477,[2]",Male,Unknow,Unknow,Denethor I,Men,Unknow,Unnamed wife
"YT, ?","YT 1497,[1]",Male,Unknow,Unknow,Denethor (First Age),Elves,Ossiriand,Unknown
"Late ,Third Age, ?",TA 3019,Male,Dark,Unknow,Damrod,Men,Unknow,Unknown
Unknow,Unknow,Unknow,Unknow,Unknow,Daisy Gamgee,Unknow,Unknow,Unknow
"Late ,First Age, ?",FA 460,Male,Unknow,Unknow,Dairuin,Men,Unknow,Unknown
"YT, ?",Unknown,Male,Dark ?,Unknow,Daeron,Elves,Unknow,None
"YT, 1050. Age = 11,484.9 Sun Years or 1,198.6 Valian Years as of FO 121 (death of Arwen).","Still alive, sailed into the ,West, sometime during the ,Fourth Age,, last of all elves to leave ,Middle-earth,.",Male,"Silver, bearded",Very tall,Círdan,Elves,Unknow,Presumably none
"During the ,Noontide of Valinor","FA 506,[1]",Male,Dark,Unknow,Curufin,Elves,Himlad,"Unnamed wife,[2]"
TA 2238,TA 2488,Male,Unknow,Unknow,Óin (King of Durin's Folk),Men,Grey Mountains,Unnamed wife
"TA 2774,[1]","TA 2994,[1]",Male,Unknow,Unknow,Óin,Dwarves,Unknow,Unknow
"Before the creation of ,Arda",Immortal,Male,Unknown,Various,Òmar,Ainur,Unknow,None
"Early ,First Age, ?",Unknown,Male,Unknow,Unknow,Îbal,Men,Unknow,Unknow
"YT, ?",Unknown,Female,Unknow,Unknow,Írimë,Elves,Unknow,Unknown
SA 700,Unknown,Female,Unknow,Unknow,Írildë,Men,Unknow,Unknown
"Late ,Third Age, ?",Unknown,Male,Unknow,Unknow,Éothain,Men,Unknow,Unknown
TA 2961,TA 3002,Male,Blond,Unknow,Éomund,Men,Unknow,Théodwyn
"c. ,TA 2544",Unknown,Male,Unknow,Unknow,Éofor,Men,Unknow,Unnamed wife
"Early ,Second Age, ?",Early Second Age ?,Female,White or grey,Unknow,Zamîn,Men,Unknow,Unknown
"SA 371,[1]",Unknown,Female,Unknow,Unknow,Yávien,Men,Unknow,Unknown
"Before the creation of ,Arda",Immortal,Female,Unknow,Varies,Yavanna,Ainur,Pastures of Yavanna,Aulë
"Late-,Third Age","Early-,Fourth Age",Male,Unknow,Unknow,Wídfara,Men,Unknow,Unnamed wife
"Late ,Third Age, ?",TA 2759,Male,Unknow,Unknow,Wulf I,Men,Rohan,Unknown
"Late ,First Age, ?",FA 473,Male,Unknow,Unknow,Borlach,Men,Unknow,Unknown
TA 2450,TA 2711,Male,Unknow,Unknow,Borin,Dwarven,Unknow,Unknow
TA 2834,Unknow,Male,Ginger,Unknow,Bombur,Dwarves,Unknow,Unknown
"Unknown, before the coming of Melkor","Unknown, possibly immortal",Male,Brown,Unknow,Tom Bombadil,Unknown,Old Forest,Goldberry
Unknow,Unknow,Unknow,Unknow,Unknow,Wilimar Bolger,Unknow,Unknow,Unknow
"TA 2904, (SR 1304)","TA 3000, (SR 1400)",Male,Unknow,Unknow,Wilibald Bolger,Hobbits,Unknow,Prisca Baggins
Unknow,Unknow,Unknow,Unknow,Unknow,Theobald Bolger,Unknow,Unknow,Unknow
Unknow,Unknow,Unknow,Unknow,Unknow,Rudibert Bolger,Unknow,Unknow,Unknow
"TA 2938, (SR 1338)",Unknown,Female,Unknow,Unknow,Rosamunda (Took) Bolger,Men,Unknow,Odovacar Bolger
Unknow,Unknow,Unknow,Unknow,Unknow,Prisca (Baggins) Bolger,Unknow,Unknow,Unknow
"TA 2935, (SR 1335)","FO 10, (SR 1431)",Male,Unknow,Unknow,Odovacar Bolger,Hobbits,Unknow,Rosamunda Took
"TA 2897, (SR 1297)","Late ,Third Age, ?",Female,Unknow,Unknow,Jessamine (Boffin) Bolger,Hobbits,Unknow,Herugar Bolger
Unknow,Unknow,Unknow,Unknow,Unknow,Gundahar Bolger,Unknow,Unknow,Unknow
"TA 2980, (,SR 1380,)","Early ,Fourth Age, ?",Male,Unknow,Unknow,Fredegar Bolger,Hobbits,Unknow,"unknown, possibly unmarried"
"TA 2942, (SR 1342)","FO 22, (SR 1443)",Male,Brown (movie),Unknow,Filibert Bolger,Hobbits,Unknow,Poppy Chubb-Baggins
Unknow,Unknow,Unknow,Unknow,Unknow,Adalgar Bolger,Unknow,Unknow,Unknow
Unknown,"TA 2941,[2]",Male,None,"8,4  Body weight = 190kg",Bolg,"Goblin,Orc",Unknow,Unknow
Unknow,Unknow,Unknow,Unknow,Unknow,Boldog (Character),Unknow,Unknow,Unknow
TA 2843,Unknow,Male,Dark Brown (films),Unknow,Bofur,Dwarves,Unknow,Unknow
Unknow,Unknow,Unknow,Unknow,Unknow,Uffo Boffin,Unknow,Unknow,Unknow
"TA 2988, (SR 1388)","Early-,Fourth Age",Male,Unknow,Unknow,Tosto Boffin,Hobbits,Unknow,Unknown
"TA 2860, (SR 1260)",Unknown,Male,Unknow,Unknow,Rollo Boffin,Hobbits,Unknow,Lavender Grubb
"TA 2812, (SR 1212)","TA 2900, (SR 1300)",Male,Unknow,Unknow,Otto Boffin,Hobbits,Unknow,Lavender Grubb
Unknow,Unknow,Unknow,Unknow,Unknow,Lavender (Grubb) Boffin,Unknow,Unknow,Unknow
"TA 2894, (SR 1294)","TA 2986, (SR 1386)",Male,Unknow,Unknow,Jago Boffin,Hobbits,Unknow,Unnamed wife
"Late ,Third Age, ?",Late Third Age ?,Female,Unknow,Unknow,Ivy (Goodenough) Boffin,Hobbits,Unknow,Buffo Boffin
"TA 2854, (SR 1254)","TA 2945, (SR 1345)",Male,Unknow,Unknow,Hugo Boffin,Hobbits,Unknow,Donnamira Took
Unknow,Unknow,Unknow,Unknow,Unknow,Gruffo Boffin,Unknow,Unknow,Unknow
"TA 2946, (SR 1346)",Unknown,Male,Unknow,Unknow,Griffo Boffin,Hobbits,Unknow,Daisy Baggins
"TA 2904, (SR 1304)","TA 3004, (SR 1404)",Female,Unknow,Unknow,Gerda (Boffin) Bolger,Hobbits,Unknow,Adalbert Bolger
"TA 2978, (SR 1378)","Early ,Fourth Age",Male,Unknow,Unknow,Folco Boffin,Hobbits,Unknow,Unknown
"before ,TA 2860, (SR 1260)",Unknown,Female,Unknow,Unknow,Druda Burrows Boffin,Hobbits,Unknow,Rollo Boffin
"TA 2950, (SR 1350)",Unknown,Female,Unknow,Unknow,Daisy (Baggins) Boffin,Hobbits,Unknow,Griffo Boffin
"Late ,Third Age, ?","Late ,Third Age, ?",Male,Unknow,Unknow,Buffo Boffin,Hobbits,Unknow,Ivy Goodenough
Unknow,Unknow,Unknow,Unknow,Unknow,Briffo Boffin,Unknow,Unknow,Unknow
"TA 2767, (SR 1167)","TA 2858, (SR 1258)",Male,Unknow,Unknow,Bosco Boffin,Hobbits,Unknow,Unnamed wife
"TA 2769, (SR 1169)",Unknown,Male,Unknow,Unknow,Basso Boffin,Hobbits,Unknow,None
"TA 2856, (SR 1256)","TA 2948, (SR 1348)",Female,Unknow,Unknow,Donnamira (Took) Boffin,Hobbits,Unknow,Hugo Boffin
Unknow,Unknow,Unknow,Unknow,Unknow,Bodruith,Unknow,Unknow,Unknow
"Late ,Third Age","Early ,Fourth Age",Male,Unknow,Unknow,Bob,Hobbits,Unknow,Unknown
TA 1560,"Sometime after ,TA 1601",Male,Unknow,Unknow,Blanco,Hobbits,Unknow,Unknown
Unknow,Late Third Age ?,Male,Unknow,Unknow,Bladorthin,Men,"Lake-town,Dale,Rhûn,Dorwinion",Unknown
"Late ,Third Age, ?","March 15,, ,3019",Male,Unknow,Unknow,Black Serpent,Men,Unknow,Unknown
Unknow,Unknow,Unknow,Unknow,Unknow,Bilbo Gardner,Unknow,Unknow,Unknow
"22 September,, ,TA 2890, (,SR 1290,)","Unknown (Last sighting 29 September, ,TA 3021,) (,SR 1421,)",Male,"Brown, later white","1.25m (4'1"")",Bilbo Baggins,Hobbits,Unknow,None
"TA 2814,[1]","Unknown, ,Fourth Age, ?",Male,Black/ Grey (film),"4'5"" (film)",Bifur,Dwarves,Unknow,Unknow
"Early  ,Third Age,?",Unknown,Female,Unknow,Unknow,Berúthiel,Men,Gondor,Tarannon Falastur
TA 3009,Unknown,Male,Unknow,Unknow,Bergil,Men,Unknow,Unknow
"TA 2655,[1]","TA 2763, (aged 108),[2]",Male,Unknow,Unknow,Beren (Steward),Men,Unknow,Unnamed wife
"FA 432,[1],[2]","FA 466, (First), ,FA 503, (Final),[3]",Male,Dark,Tall,Beren,Men,Unknow,Lúthien Tinúviel
"Early ,Fourth Age",Unknow,Male,Unknow,Unknow,Berelach,Men,Unknow,Unknow
"Mid ,First Age, ?",Unknown,Male,Unknow,Unknow,Beren (Belemir's son),Men,Unknow,Unnamed wife
TA 2837,Unknown,Male,Unknow,Unknow,Nori,Dwarves,Unknow,Unknown
SA 222,"Early ,Second Age,?",Male,Unknow,Unknow,Nolondil,Men,Unknow,Unnamed wife
"Late ,Third Age, ?",Unknown,Male,Unknow,Unknow,Nob,Hobbits,Unknow,Unknown
"FA 473,[1]","FA 499,[1]",Female,Golden,Tall,Niënor,Men,Unknow,"Túrin Turambar,[2]"
SR 1261,Unknow,Female,Unknow,Unknow,Nina Lightfoot,Hobbits,Shire,Theobald Bolger
"YT, ?",TA 1981,Female,Possibly golden,Unknow,Nimrodel,Elves,Unknow,"Loved ,Amroth"
"Unknown, possibly sometime during the ,Years of the Trees","FA 506,[1]",Female,Unknow,Unknow,Nimloth (elf),Elves,Doriath,Dior Eluchíl
"Before the creation of ,Arda",Immortal,Female,Unknow,Unknow,Nienna,Ainur,"Valinor,Halls of Nienna",None
unknown,Immortal,Female,Unknown,Various,Nielíqui,Ainur,Unknow,None
"SA 840,[1]","Mid ,Second Age, ?",Female,Unknow,Unknow,Nessanië,Men,Unknow,Unknown
"Before the creation of ,Arda",Immortal,Female,Unknow,Varies,Nessa,Ainur,Valinor,Tulkas
"YT,?, during the ,Noontide of Valinor",Still alive,Female,Reddish brown,Unknow,Nerdanel,Elves,Unknow,Fëanor
Unknown,Unknown,Female,Unknow,Unknow,Nellas,Elves,Unknow,None
Unknow,Unknow,Unknow,Unknow,Unknow,Nauglath,Unknow,Unknow,Unknow
Unknow,Unknow,Unknow,Unknow,Unknow,Narvi,Unknow,Unknow,Unknow
Unknown,"FA 503, ?,[1]",Male,Unknow,Unknow,Naugladur,Dwarves,Unknow,Unknown
"TA 1684,[1]","TA 1856,[1]",Male,Unknow,Unknow,Narmacil II,Men,Unknow,Unnamed wife
"TA 1049,[1]","TA 1294,[2]",Male,Unknow,Unknow,Narmacil I,Men,Gondor,"Unknown, possibly none as he had no children"
Unknow,Unknow,Unknow,Unknow,Unknow,Nahar,Horse,Unknow,Unknow
Unknow,Unknow,Unknow,Unknow,Unknow,Mûmakil,Unknow,Unknow,Unknow
"Early ,First Age, ?",FA 502,Male,Unknow,Unknow,Mîm,Dwarves,Unknow,Unnamed wife
Unknown,"March,, ,3019",Male,Unknow,Unknow,Muzgash,Orc,Unknow,Unknow
Unknow,"YT 1170,[1]",Female,Silver,Unknow,Míriel,Elves,Unknow,Finwë
First Age,"Probably died on ,March 25, ,TA 3019, during destruction of ,Mordor, (book); Beheaded on March 25th, 3019 (film)",Male,Most likely black or none,"6' 7"" (2.01 m)",Mouth of Sauron,Men,Unknow,None
Unknow,Unknow,Unknow,Unknow,Unknow,The Moth,Unknow,Unknow,Unknow
"Perhaps ,Firstborn",Unknow,Unknow,Unknow,Unknow,Morwë,Elves,Unknow,Unknow
"Late 26th century ,Third Age,?","Late ,Third Age,?",Female,Unknow,Unknow,Morwen (Gondor),Men,Unknow,Unnamed husband
FA 443,FA 500,Female,"Dark, grey in old age",Tall,Morwen,Men,Unknow,Húrin Thalion
Unknown,Unknown,Female,Unknow,Unknow,Mithrellas,Elves,Unknow,Imrazôr
Unknow,Unknow,Unknow,Unknow,Unknow,Minastan,Unknow,Unknow,Unknow
"TA 1454,[1]","TA 1634,[2]",Male,Unknow,Unknow,Minardil,Men,Gondor,Unnamed wife
"Mid ,Third Age, ?","July 13,, ,1944,[1]",Male,Unknow,Unknow,Minohtar,Men,Unknow,Unknown
SR 1381,"Early-,Fourth Age",Male,Unknow,Unknow,Merimas Brandybuck,Hobbits,Unknow,Unknow
"YT, ?","Unknown, presumably still alive",Female,Unknow,Unknow,Meril-i-Turinqi,Elves,Tol Eressëa,Unknown
Unknow,Unknow,Male,Unknow,Unknow,Meneldor,Eagles,Unknow,Unknow
"SA 3318,[1]","TA 158, (aged 281),[2]",Male,Unknow,Unknow,Meneldil,Men,Gondor,Unnamed wife
Unknow,Unknow,Unknow,Unknow,Unknow,Men,Unknow,Unknow,Unknow
"Before the creation of ,Arda",Immortal,Male,Dark,Any size by choice,Melkor,Ainur,"Utumno,Angband,Middle-earth,Beleriand",Unknow
"Before the creation of ,Arda","Did not die being a ,Maia,, returned to ,Valinor, after the death of her husband Thingol",Female,Dark,Unknow,Melian,Ainur,Doriath,Thingol
"Around FA 450 ?,[1]",Unknown,Female,Unknow,Unknow,Meleth,Men,Unknow,Agathor
3019,"February 29,, ,3019",Male,Black (film),Unknow,Mauhúr,Uruk-hai,"Isengard,Saruman",none
"TA 2890, ?",TA 2941,Male,Auburn (film),"Tall (6'4"")",Master of Laketown,Men,Lake-town,Unknown
SR 1182,Unknow,Male,Unknow,Unknow,Marroc Brandybuck,Hobbit,Unknow,Unnamed wife
SR 1343,Unknow,Male,Unknow,Unknow,Marmadas Brandybuck,Hobbits,Unknow,Unnamed wife
"Mid-,Third Age, ?",Mid-Third Age ?,Male,Unknow,Unknow,Marhwini,Men,Unknow,Unnamed wife
"Mid ,Third Age, ?",TA 1856,Male,Unknow,Unknow,Marhari,Men,Unknow,Unnamed wife
TA 1557,"Sometime after ,TA 1601",Male,Unknow,Unknow,Marcho,Hobbits,Unknow,Unknown
"TA 1960,[1]","TA 2080,[2]",Male,Unknow,Unknow,Mardil Voronwë,Men,Unknow,Unnamed wife
"FA 282, ?","FA 376, ?",Male,Unknow,Unknow,Marach,Men,Unknow,Unnamed wife
Before the Creation of Arda,Immortal,Male,Unknow,Unknow,Manwë,Ainur,"Arda,Valinor",Varda
"After ,SA 61,[1]","Early ,Second Age,?",Male,Unknow,Unknow,Manwendil,Men,Unknow,Possible unnamed wife
"Late ,First Age, ?",Late First Age ?,Male,Unknow,Unknow,Manthor,Men,Unknow,Unknown
Before the creation of Arda,Unknow,Male,Unknow,Unknow,Mandos,Ainur,Unknow,Vairë
TA 2940,"TA 3015,?",Male,Unknow,Unknow,Gálmód,Men,Unknow,Unnamed wife
"Unknown, possibly during the ,First Age, ?",FA 495,Male,Became grey in captivity,Unknow,Gwindor,Elves,Unknow,"None, betrothed to ,Finduilas"
Unknown,Unknow,Male,Unknow,Unknow,Gwaihir,Great Eagles,Unknow,Unknow
"Late ,Third Age","March 15,, ,3019",Male,Blond,Unknow,Guthláf,Men,Unknow,Unknow
"Mid ,First Age, ?",FA 456,Male,Unknow,Unknow,Gundor,Men,Unknow,Unknown
Unknow,Unknow,Male,Unknow,Unknow,Guilin,Elves,Unknow,Unnamed wife
"TA 2563,[1]","TA 2805,[1]",Male,Unknow,Unknow,Grór,Dwarves,Unknow,Unnamed wife
"TA 2671,[1]","TA 2923,[1]",Male,Unknow,Unknow,Gróin,Dwarves,Unknow,Unnamed wife
"Mid ,First Age, ?","FA 474, ?",Male,Unknow,Unknow,Grithnir,Men,Unknow,Unknown
Unknown,"February 29,, ,3019",Male,Unknow,Unknow,Grishnákh,Orc,Unknow,Unknow
"Late ,Third Age, ?","March 15,, ,3019",Male,Unknow,Unknow,Grimbold,Men,Unknow,Unknown
"Unknown, probably several years or so after the ,Battle of Five Armies","Unknown, early ,Fourth Age",Male,Dark,Tall (in Man-form),Grimbeorn,"Men,Skin-changer",Unknow,Unknown
"TA 2862, (SR 1262)",Unknown,Female,Unknow,Unknow,Rose Greenhand,Hobbits,Unknow,Cotman Cotton
"TA 2810, (SR 1210)",Unknown,Male,Unknow,Unknow,Holman Greenhand,Hobbits,Unknow,Unknown
"TA 2859, (SR 1259)",Unknown,Male,Unknow,Unknow,Hending Greenhand,Hobbits,Unknow,Unknown
"TA 2851, (SR 1251)",Unknown,Male,Unknow,Unknow,Halfred Greenhand,Hobbits,Unknow,Unknown
"TA 2854, (SR 1254),[1]",Unknown,Male,Unknow,Unknow,Erling Greenhand,Hobbits,Unknow,Unknown
Unknow,"July,, ,2941,[1]",Male,Grey/white strands of hair (film),About nine feet (film),Great Goblin,Orcs,Unknow,Unknow
"Late ,First Age","FA 460,[1]",Male,Unknow,Unknow,Gorlim,"Men,Wraith",Unknow,Eilinel
TA 2668,TA 2741,Male,Unknow,Unknow,Gram,Men,Rohan,Unnamed wife
Unknown,"March 15, 3019 (film)",Male,"white/gray, possibly light brown (film)","5'9"" - 6'4"" (film)",Gothmog (Lieutenant of Morgul),Orc,"Minas Morgul,the Witch-King",None
"Before the creation of ,Arda","FA 510,[2]",Male,Unknow,Unknow,Gothmog,"Maiar,Balrogs",Unknow,Unknow
Unknown,Unknow,Male,Unknow,Unknow,Gostir,Dragons,Unknow,Unknow
SR 1134,SR 1236,Male,Unknow,Unknow,"Gormadoc ""Deepdelver"" Brandybuck",Hobbits,Buckland,Malva Headstrong
"TA 2274, (SR 674)",Unknow,Male,Unknow,Unknow,Gorhendad (Oldbuck) Brandybuck,Hobbits,Unknow,Unnamed wife
Unknow,Unknow,Unknow,Unknow,Unknow,Gorgol,Unknow,Unknow,Unknow
"TA 2908, (SR 1308)","Before ,TA 3001, (SR 1401)",Male,Unknow,Unknow,Gorbulas Brandybuck,Hobbits,Unknow,Unnamed wife
Unknown,"March 14,, ,3019, slain by ,Shagrat",Male,black,medium,Gorbag,"Uruk-hai,Orc",Cirith Ungol,Unknow
Unknow,Unknow,Unknow,Unknow,Unknow,Bell (Goodchild) Gamgee,Unknow,Unknow,Unknow
Unknow,Unknow,Unknow,Unknow,Unknow,Togo Goodbody,Unknow,Unknow,Unknow
Unknow,Unknow,Unknow,Unknow,Unknow,Lily (Baggins) Goodbody,Unknow,Unknow,Unknow
TA 2430,"March 25,, ,3019",Male,Unknow,Unknow,Gollum,Hobbits,Unknow,Unknow
"Unknown, before ,TA 2700",TA 2747,Male,Unknow,Unknow,Golfimbul,"Orc,Goblin",Mount Gram,None
Unknow,Unknow,Female,Unknow,Unknow,Hanna (Goldworthy) Brandybuck,Hobbit,Unknow,Madoc Brandybuck
"TA 2619,[1]","TA 2699,[1]",Male,Unknow,Unknow,Goldwine,Men,Rohan,Unknow
Unknow,Unknow,Unknow,Unknow,Unknow,Goldilocks (Gardner) Took,Unknow,Unknow,Unknow
"Late ,Third Age, ?",Unknown,Male,Unknow,Unknow,Golasgil,Men,Unknow,Unknown
"Late ,Third Age, ?","Presumably sometime after ,TA 3019",Male,Unknow,Unknow,Harry Goatleaf,Men,Unknow,Unknown
"FA 415,[1]",FA 473,Female,Blonde,Unknow,Glóredhel,Men,Unknow,Haldir
TA 2136,TA 2385,Male,Unknow,Unknow,Glóin (King of Durin's Folk),Dwarves,Grey Mountains,Unnamed wife
TA 2783,FO 15,Male,"Red, later White",Unknow,Glóin,Dwarves,Unknow,Unnamed wife
"Late ,Third Age,?",Unknown,Male,Unknow,Unknow,Gléowine,Men,Unknow,Unknown
"Possibly ,YT, ?","FA 510, (Gondolin),,[1], later re-embodied (,SA 1600,)",Male,Golden,Tall,Glorfindel,Elves,Unknow,None
"Unknown, late fifth or sixth century ,First Age, ?",Unknown,Male,Unknow,Unknow,Glirhuin,Men,Unknow,Unknown
Presumably after Morgoth's return to Angband,FA 501,Male,None,Gigantic,Glaurung,Dragons,Unknow,None
TA 2732,"TA 2770,[1]",Male,Unknow,Unknow,Girion,Men,Unknow,Unnamed wife
Unknow,Unknow,Unknow,Unknow,Unknow,Gimli (Elf),Unknow,Unknow,Unknow
TA 2879,"Unknown (Departed to ,Aman,, ,FO 120,)",Male,Auburn,Unknow,Gimli,Dwarves,Unknow,Unknow
"SA 2630,[1]",Unknow,Male,Unknow,Unknow,Gimilzagar,Men,Unknow,Unknow
"SA 3044,[1]","SA 3243,[1]",Male,Unknow,Unknow,Gimilkhâd,Men,Unknow,Unnamed wife
"TA 2907,[1]","TA 3007,[1]",Female,Blonde (film),"Unknown (book) 1.66m (5'5"") (film)",Gilraen,Men,Unknow,Arathorn II
"TA 2000,[1]",Unknown,Female,Unknow,Unknow,Gilmith,Half-elven,Unknow,Unknown
Unknown,Presumably still alive,Male,Unknow,Unknow,Gilfanon,Elves,Unknow,Unknown
Unknown,Possible sailed West,Male,Golden,Unknow,Gildor Inglorion,"Elves,Noldor",Unknow,Unknown
"Late ,First Age, ?",FA 460,Male,Unknow,Unknow,Gildor (Edain),Men,Unknow,Unknown
FA 450,SA 3441,Male,"Possibly golden (book),, Dark brown (movie)",Tall,Gil-galad,Elves,"Havens of Sirion,Lindon",Unknow
First Age,Unknow,Female,Unknow,Unknow,Gildis,Men,Unknow,"Hador, Lórindol"
"Late ,Third Age, ?",Unknown,Male,Black,Short,Ghân-buri-Ghân,Drúedain,Unknow,Unknown
Unknown,Unknown,Male,Unknow,Unknow,Gelmir (of Angrod's kin),Elves,Unknow,Unknown
Unknow,Unknow,Unknow,Unknow,Unknow,Robin Gardner,Unknow,Unknow,Unknow
Unknow,Unknow,Unknow,Unknow,Unknow,Primrose Gardner,Unknow,Unknow,Unknow
"Mid ,First Age, ?",Unknown,Male,Unknow,Unknow,Gethron,Men,Unknow,Unknown
Unknown,FA 473,Male,Unknow,Unknow,Gelmir,Elves,Unknow,Unknown
Unknow,Unknow,Unknow,Unknow,Unknow,Pippin Gamgee,Unknow,Unknow,Unknow
Unknow,Unknow,Unknow,Unknow,Unknow,Wilcome Cotton,Unknow,Unknow,Unknow
"TA 2941, (SR 1341),[1]","FO 20, (SR 1440),[1]",Male,Unknow,Unknow,Tolman Cotton,Hobbits,Unknow,Lily Brown
"TA 2984, (SR 1384),[1]","FO 61, (SR 1482),[2]",Female,Light brown (film),Unknow,Rosie Cotton,Hobbits,Unknow,Sam Gamgee
"TA 2983, (SR 1383)",Unknown,Female,Unknow,Unknow,Marigold (Gamgee) Cotton,Hobbits,Unknow,Tolman Cotton
"Late ,Third Age, ?",Unknown,Female,Unknow,Unknow,Lily Cotton,Hobbits,Unknow,Farmer Cotton
Unknow,Unknow,Unknow,Unknow,Unknow,Carl Cotton,Unknow,Unknow,Unknow
"TA 2886, (SR 1386)",Unknown,Male,Unknow,Unknow,Bowman Cotton,Hobbits,Unknow,None
"TA 2980, (SR 1380)","FO 60, (SR 1481)",Male,Unknow,Unknow,Tolman Cotton Jr.,Hobbits,Unknow,Marigold Cotton
Unknow,Unknow,Unknow,Unknow,Unknow,Cottar,Unknow,Unknow,Unknow
Unknow,Unknow,Unknow,Unknow,Unknow,Cora Goodbody,Unknow,Unknow,Unknow
"SA 3379,[1]","TA 2,[2]",Male,Unknow,Unknow,Ciryon,Men,Unknow,"Unknown, possibly known"
"Mid ,Second Age, ?","After ,SA 1700",Male,Black,Tall,Ciryatur,Men,Unknow,Unknown
"TA 820,[1]","TA 1015,[2]",Male,Unknow,Unknow,Ciryandil,Men,Gondor,Unnamed wife
"TA 2449,[1]","TA 2567,[2]",Male,Unknow,Unknow,Cirion,Men,Unknow,Unnamed wife
Unknow,Unknow,Unknow,Unknow,Unknow,Poppy (Chubb-Baggins) Bolger,Unknow,Unknow,Unknow
"TA 2903, (SR 1303)","TA 2999, (SR 1399)",Male,Unknow,Unknow,Falco Chubb-Baggins,Hobbits,Unknow,Unnamed wife
"Late ,Third Age, ?",Unknown,Male,Unknow,Unknow,Ceorl,Men,Unknow,Unknown
SA 575,Unknown,Male,Unknow,Unknow,Cemendur (son of Axantur),Men,Unknow,Unnamed wife
"SA 3399,[1]","TA 238,[2]",Male,Unknow,Unknow,Cemendur,Men,Gondor,Unnamed wife
"TA 979,[1]","TA 1191,[2]",Male,Unknow,Unknow,Celepharn,Men,Arthedain,Unnamed wife
"During in the ,Noontide of Valinor","FA 506,[1]",Male,Fair,Unknow,Celegorm,Elves,Unknow,"None,[2]"
"Between the years ,SA 350, and SA 400","Still alive; Departed to ,Aman, in ,TA 2510,[1]",Female,Possibly silver,Unknow,Celebrían,Elves,Unknow,Elrond
"TA 1062,[1]","TA 1272,[2]",Male,Unknow,Unknow,Celebrindor,Men,Arthedain,Unnamed wife
"YT,?","SA 1697,, ,War of the Elves and Sauron,[1],[2]",Male,Dark,Unknow,Celebrimbor,Elves,Eregion,Unknown
"YT,?","Still alive, departed over the sea in the early Fourth Age",Male,Silver,Tall,Celeborn,Elves,"Eregion,Lothlórien,Caras Galadhon",Galadriel
"TA 1259,[1]","TA 1447,[2]",Male,Unknow,Unknow,Castamir the Usurper,Men,Gondor,Unnamed wife
"Before the Creation of ,Arda",FA 466,Male,Black with red stripes,Gigantic,Carcharoth,Werewolves,Angband,Unknow
Unknow,Unknow,Unknow,Unknow,Unknow,Carc,Unknow,Unknow,Unknow
"During the ,Noontide of Valinor",FA 506,Male,Dark,Unknow,Caranthir,Elves,Unknow,"Unnamed wife,[3]"
TA 1058,TA 1304,Male,Unknow,Unknow,Calmacil,Men,Gondor,Unnamed wife
SA 512,SA 900,Male,Unknow,Unknow,Caliondo,Men,Unknow,Unnamed wife
Unknow,Unknow,Unknow,Unknow,Unknow,Calimmacil,Unknow,Unknow,Unknow
"TA 1736,[1]","TA 1936,[2]",Male,Unknow,Unknow,Calimehtar,Men,Gondor,Unnamed wife
"Late ,First Age",FA 473,Male,Unknow,Unknow,Bór,Men,Unknow,Unnamed wife
"FA 262,?",FA 355,Male,Unknow,Unknow,Bëor,Men,Unknow,Unnamed wife
"Late ,Third Age, ?","Early ,Fourth Age, ?",Male,Brown (movie),Unknow,Barliman Butterbur,Men,Unknow,Unknown
Unknow,Unknow,Unknow,Unknow,Unknow,Myrtle Burrows,Unknow,Unknow,Unknow
Unknow,Unknow,Unknow,Unknow,Unknow,Mosco Burrows,Unknow,Unknow,Unknow
TA 2974,"November 3,, ,3019",Male,Black,Unknow,Gríma Wormtongue,Men,Unknow,Unknow
"Mid-,Second Age, ?","March 15,, ,3019",Male,"Brown, graying, later white","7' 1"" (2.13 metres)",Witch-king of Angmar,"Men,Wraith","Angmar,Minas Morgul,Osgiliath",Unknow
"TA 2800, (SR 1200)",Unknown,Male,Unknow,Unknow,Wiseman Gamwich,Hobbit,Unknow,Unnamed wife
"Late ,Third Age,?","Early ,TA 3019",Male,Unknow,Unknow,Willie Banks,Hobbits,Bree,Unknow
Unknow,Unknow,Unknow,Unknow,Unknow,Wife of Barach,Unknow,Unknow,Unknow
Unknow,Unknow,Unknow,Unknow,Unknow,Widow Rumble,Unknow,Unknow,Unknow
Unknow,Unknow,Unknow,Unknow,Unknow,Will Whitfoot,Unknow,Unknow,Unknow
Possibly pre First Age,Unknown; possibly still alive,Most likely male,None,Huge,Watcher in the Water,Urulóki,Doors of Durin,Most likely none
Unknow,Unknow,Unknow,Unknow,Unknow,Warg Matriarch,Unknow,Unknow,Unknow
"TA 2780,[1]","TA 2851,[1]",Male,Unknow,Unknow,Walda,Men,Unknow,Unnamed wife
SA 425,"Early ,Second Age, ?",Male,Unknow,Unknow,Vëantur,Men,Unknow,Unnamed wife
Unknow,Unknow,Unknow,Unknow,Unknow,Vëannë,Unknow,Unknow,Unknow
"First Age,?",Unknown,Male,Unknow,Unknow,Voronwë,Elves,Unknow,None known
"TA 1919,[1]","TA 2029,[2]",Male,Unknow,Unknow,Vorondil,Men,Unknow,Unnamed wife
"Before ,TA 1255,[1]","TA 1344,[1]",Female,Unknow,Unknow,Vidumavi,Men,Unknow,Valacar
"Mid-,Third Age, ?",Unknown,Male,Unknow,Unknow,Vidugavia,Men,Rhovanion,Unnamed wife
"SA 203,[1]","Early ,Second Age,?",Female,Unknow,Unknow,Vardilmë,Men,Unknow,Unknown
"SA 61,[1]","SA 471,[1]",Male,Unknow,Unknow,Vardamir Nólimon,Men,Númenor,Unnamed wife
Before the creation of Arda,Immortal,Female,Unknow,Unknow,Varda,Ainur,Arda,Manwë
"TA 462,[1]","TA 652,[2]",Male,Unknow,Unknow,Valandur,Men,Arnor,Unnamed wife
"Early ,Second Age, ?","Early ,Second Age, ?",Male,Unknow,Unknow,Valandil of Andúnië,Men,Unknow,Unknown
"SA 3430,[1]","TA 249,[2]",Male,Unknow,Unknow,Valandil,Men,Arnor,Unnamed wife
TA 1194,TA 1432,Male,Unknow,Unknow,Valacar,Men,Gondor,Vidumavi
"YT, ?",Unknown,Female,Unknow,Unknow,Vairë (Elf),Elves,Unknow,Lindo
Before the creation of Arda,Immortal,Female,Unknow,Unknow,Vairë,Ainur,"Valinor,Halls of Mandos",Mandos
"Late ,First Age, ?",FA 460,Male,Unknow,Unknow,Urthel,Men,Unknow,Unknown
Unknow,"Possibly end of ,First Age",Female,Unknow,Enormous,Ungoliant,Great Spiders,Unknow,Unknow
"Mid ,First Age, ?",FA 473,Male,Unknow,Unknow,Ulwarth,Men,Unknow,Unknown
Unknow,Unknow,Unknow,Unknow,Unknow,Ulrad,Unknow,Unknow,Unknow
"Before the creation of ,Arda",Immortal,Male,Unknow,Unknow,Ulmo,Ainur,"Valinor,Ulmonan",None
"Mid ,First Age, ?",FA 473,Male,Unknow,Unknow,Ulfast,Men,Unknow,Unknown
"Late ,First Age, ?",FA 473,Male,Unknow,Unknow,Ulfang,Men,Unknow,Unnamed wife
"Mid ,First Age, ?",FA 473,Male,Unknow,Unknow,Uldor,Men,Unknow,Unknown
"Early ,Second Age, ?",Mid Second Age ?,Male,Unknow,Unknow,Ulbar,Men,Unknow,Unnamed wife
"Before the creation of ,Arda",Immortal,Female,Unknow,Unknow,Uinen,Unknow,Unknow,Ossë
3019,"February 29, ,3019",Male,Dark (movie),"6' 6"" (movie)",Uglúk,Uruk-hai,Isengard,None
Unknown,"3019, ?",Male,Unknow,Unknow,Ufthak,Orc,Cirith Ungol,None
"TA 2815,[1]","TA 2914, (aged 99),[2]",Male,Unknow,Unknow,Túrin II,Men,Unknow,Unnamed wife
TA 2165,TA 2278,Male,Unknow,Unknow,Túrin I,Men,Unknow,Unnamed wife
"FA 464,[1]","FA 499,[1]",Male,Dark,Tall,Túrin,Men,Unknow,"Nienor,[2]"
Unknow,Unknow,Unknow,Unknow,Unknow,Daddy Twofoot,Unknow,Unknow,Unknow
"TA 2855,[1]","TA 2953, (aged 98),[2]",Male,Unknow,Unknow,Turgon (Steward),Men,Unknow,Unnamed wife
"YT 1300,[1]",FA 510,Male,Dark,Unknow,Turgon,Elves,"Nevrast,Gondolin",Elenwë
"TA 397,[1]","TA 667,[2]",Male,Unknow,Unknow,Turambar,Men,Gondor,Unnamed wife
FA 472,None; sailed into the West and was accounted amongst the Eldar,Male,Golden,Tall,Tuor,Men,Unknow,Idril Celebrindal
"YT, ?",Unknown,Male,Unknow,Unknow,Tulkastor,Elves,Unknow,Unnamed wife
"Before the creation of ,Arda",Immortal,Male,Golden,Unknow,Tulkas,Ainur,"Valinor,House of Tulkas",Nessa
"YT, ?",Unknown,Male,"Leaf, twig and moss like",15'4,Treebeard,"Ents,Onodrim",Unknow,Fimbrethil
"TA 2890, (SR 1290)","TA 2981, (SR 1381)",Male,Unknow,Unknow,Sigismond Took,Hobbits,Unknow,Unnamed wife
"SR 1256,[1]",Unknow,Female,Unknow,Unknow,Rosa (Baggins) Took,Hobbits,Unknow,Hildigrim Took
TA 2976,"Fourth Age, ?",Male,Unknow,Unknow,Beregond (Captain),Men,Unknow,Unnamed wife
"TA 2700,[1]","TA 2811,[2]",Male,Unknow,Unknow,Beregond,Men,Unknow,Unnamed wife
"FA 340,[1]",Unknow,Male,Unknow,Unknow,Bereg,Men,Unknow,Unknow
Unknown,"Before the ,War of the Ring",Male,Black,Tall,Beorn,Skin-changer,Unknow,Unknow
FA 292,Unknow,Male,Unknow,Unknow,Belen,Men,Unknow,Unnamed wife
FA 339,Unknown,Male,Unknow,Unknow,Belemir,Men,Unknow,Adanel
"Late ,First Age, ?",FA 460,Male,Unknow,Unknow,Belegund,Men,Unknow,Unnamed wife
"TA 2074,[1]","TA 2204,[2]",Male,Unknow,Unknow,Belegorn,Men,Unknow,Unnamed wife
"TA 811,[1]","TA 1029,[2]",Male,Unknow,Unknow,Beleg of Arnor,Men,"Arnor,Arthedain",Unnamed wife
Unknow,"FA 489,[1]",Male,Unknow,Unknow,Beleg,Elves,Unknow,Unknow
"TA 2752,[1]","TA 2872,[2]",Male,Unknow,Unknow,Belecthor II,Men,Unknow,Unnamed wife
"TA 2545,[1]","TA 2655,[2]",Male,Unknow,Unknow,Belecthor I,Men,Unknow,Unnamed wife
"Mid-,First Age, ?",Unknown,Female,Brown,Unknow,Beldis,Men,Unknow,Handir
"FA 316, ?",Unknow,Male,Unknow,Unknow,Beldir,Men,Unknow,Unnamed wife
Unknown,"March 3,, ,3019",Male,Leafy-hair,Very tall,Beechbone,Ents,Unknow,Unknown
TA 2985,"Early ,Fourth Age,?",Male,Unknow,"6'2""",Bard II,Men,"Dale,Lake-town",Unknown
TA 2898,"TA 2977,[1]",Male,Black (films),Unknow,Bard,Men,Dale,Unnamed wife
FA 317,Unknow,Male,Unknow,Unknow,Baranor,Men,Unknow,Unnamed wife
"FA 289,[1]","FA 380, ?",Male,Unknow,Unknow,Baran,Men,Estolad,Unnamed wife
"TA 2290,[1]","TA 2412,[2]",Male,Unknow,Unknow,Barahir (Steward),Men,Gondor,Unnamed wife
Unknow,Unknow,Unknow,Unknow,Unknow,Barahir (Fourth Age),Unknow,Unknow,Unknow
"FA 402,[1]","FA 460,[1]",Male,Possibly dark,Unknow,Barahir,Men,Unknow,Emeldir
FA 420,FA 460,Male,Unknow,Unknow,Baragund,Men,Unknow,Unnamed wife
"TA 2763, (in book), TA 2725 (in films)",TA 2994,Male,White,Unknow,Balin,Dwarves,Unknow,Unknown
Unknow,Unknow,Unknow,Unknow,Unknow,Baldor,Unknow,Unknow,Unknow
Unknow,Unknow,Unknow,Unknow,Unknow,Balcmeg,Unknow,Unknow,Unknow
TA 2925,TA 3007,Male,Brown (film),"1.76m / 5'9"" (film)",Bain,Men,Dale,Unnamed wife
Unknow,Unknow,Unknow,Unknow,Unknow,Ruby (Bolger) Baggins,Unknow,Unknow,Unknow
"TA 2948, (SR 1348)",Unknown,Male,Unknow,Unknow,Porto Baggins,Hobbits,Unknow,Unknown
"TA 2946, (SR 1346)",Unknown,Male,Unknow,Unknow,Ponto Baggins II,Hobbits,Unknow,Unnamed wife
Unknow,Unknow,Unknow,Unknow,Unknow,Ponto Baggins I,Unknow,Unknow,Unknow
"TA 2816, (SR 1216),[1]","TA 2911, (SR 1311),[1]",Male,Unknow,Unknow,Ponto Baggins,Hobbits,Unknow,Mimosa Bunce
Unknow,Unknow,Unknow,Unknow,Unknow,Polo Baggins,Unknow,Unknow,Unknow
"TA 2950, (SR 1350)",Unknown,Female,Unknow,Unknow,Peony (Baggins) Burrows,Hobbits,Unknow,Milo Burrows
Unknow,Unknow,Unknow,Unknow,Unknow,Pansy Baggins,Unknow,Unknow,Unknow
Unknow,Unknow,Unknow,Unknow,Unknow,Man in the Moon,Unknow,Unknow,Unknow
"TA 1144,[1]","TA 1349,[2]",Male,Unknow,Unknow,Malvegil,Men,Arthedain,Unnamed wife
Unknow,Unknow,Female,Unknow,Unknow,"Malva ""Headstrong"" Brandybuck",Hobbit,Unknow,Gormadoc Brandybuck
"TA 895,[1]","TA 1110,[2]",Male,Unknow,Unknow,Mallor,Men,"Arthedain,Arnor",Unnamed wife
"Mid ,Third Age, ?",Mid Third Age ?,Male,"Dark, later grey ?",Unknow,Malbeth the Seer,Men,Unknow,"Unknown, possible none"
Unknow,Unknow,Unknow,Unknow,Unknow,Malantur,Unknow,Unknow,Unknow
Unknow,Unknow,Unknow,Unknow,Unknow,Mallor (BOH),Unknow,Unknow,Unknow
FA 307,FA 398,Male,Unknow,Unknow,Malach,Men,Unknow,Meldis
"SA 377,[1]",Unknown,Female,Unknow,Unknow,Mairen,Men,Unknow,Unknown
"Unknown, ,YT, ?",Still alive,Male,Brown with copperlike-red,Unknow,Mahtan,Elves,Unknow,Unnamed wife
F.A. 341,Unknow,Male,Unknow,Unknow,Magor,Men,Unknow,Unknow
"During the ,Noontide of Valinor",Fate unknown,Male,Dark,Unknow,Maglor,Elves,Unknow,"Unnamed wife,[1]"
TA 2948,Unknown,Male,Brown,Unknow,Farmer Maggot,Hobbits,Unknow,Unnamed wife
"FA 320,[2]","FA 510,[2]",Male,Black,Tall,Maeglin,Elves,Unknow,None
"During the ,Noontide of Valinor","FA 587,[2]",Male,Dark red,Tall,Maedhros,Elves,Unknow,"None,[3]"
"Late ,Third Age, ?",Unknown,Male,Dark,Tall,Mablung the Ranger,Men,Unknow,Unknown
Unknow,FA 502,Male,Unknow,Unknow,Mablung,Elves,Unknow,Unknow
"YT 1200,[1]","FA 503,[2]",Female,Black,Unknow,Lúthien,"Elves,Maiar",Unknow,Beren Erchamion
"Late ,Third Age, ?",TA 2994,Male,Unknow,Unknow,Lóni,Dwarves,Unknow,Unknown
"TA 2752,[1]","TA 2842,[1]",Male,Unknow,Unknow,Brytta Léofa,Men,Rohan,Unnamed wife
"TA 2459,[1]","TA 2501,[1]",Male,Unknow,Unknow,Léod,Men,Unknow,Unnamed wife
"Before the creation of ,Arda","First Age, ??",Male,Mane of red flame,Unknow,Lungorthin,Balrog,Unknow,Unknow
"? ,3019","February 29, ,3019",Male,Dark,6'1 (film),Lugdush,Uruk-hai,Unknow,Unknow
"TA 2999,[1]",Unknow,Female,Unknow,Unknow,Lothíriel,Men,Rohan,Éomer
"Late ,First Age, ?",Late First Age ?,Male,Unknow,Unknow,Lorgan,Men,Unknow,Unknown
"Late ,Second Age, ?",Late Second Age ?,Female,Unknow,Unknow,Lindórië,Men,Unknow,Unknown husband
"YT, ?",Unknown,Male,Unknow,Unknow,Lindo,Elves,Unknow,Vairë
"SA 551,[1]",Unknown,Female,Unknow,Unknow,Lindissë,Men,Unknow,Unknown
Unknown,"Possibly departed to ,Aman",Male,Brown (films),Tall,Lindir,Elves,Unknow,Unknow
SR 1313,Between SR 1401-1418,Unknow,Unknow,3'8',Letter 211,Unknow,Unknow,Lilah Took
"YT, (possibly)",YT (possibly),Male,Unknow,Unknow,Lenwë,Elves,Unknow,Unnamed wife
Unknow,Unknow,Male,Unknow,Unknow,Legolas (elf of Gondolin),Elves,Unknow,Unknow
Unknow,"Still alive, departed to ,Aman,, ,FO 120,[2]",Male,"Uncertain (book), Blonde (films)",Unknow,Legolas,Elves,Unknow,Unknow
"Late ,First Age, ?",Unknown,Male,Unknow,Unknow,Larnach,Men,Unknow,Unnamed wife
"Possibly ,First Age",Possibly still alive,Male,Unknow,Unknow,Landroval,Eagle,Unknow,Unknow
"FA 466,[2]","FA 469,[3]",Female,Blonde,Unknow,Lalaith,Men,Unknow,Unknow
Unknow,Unknow,Unknow,Unknow,Unknow,Hamfast Gardner,Unknow,Unknow,Unknow
"March 25, ,3021, (SR 1421)","Early ,Fourth Age, ?",Female,Blonde or Golden,Unknow,Elanor Gardner,Hobbits,Unknow,Fastred of Greenholm
Before the the Shaping of Arda,"January 25, ,3019,, ,Battle of the Peak, (physical death only, resurrected as Gandalf the White) immortal",Male,"Grey, later white",Unknow,Gandalf,Maiar,Unknow,Unknow
"Possibly late ,Third Age",Unknow,Male,Possibly blond,Unknow,Gamling,Men,Unknow,Unknow
"April 6,, ,2980, (SR 1380)","Still alive, after going to the ,Undying Lands, in ,FO 61, (SR 1482)",Male,Blond (movie),"1.22m (4'0"")",Samwise Gamgee,Hobbits,Unknow,Rosie Cotton
Unknow,Unknow,Unknow,Unknow,Unknow,Rose Gamgee,Unknow,Unknow,Unknow
Unknow,Unknow,Unknow,Unknow,Unknow,Gamil Zirak,Unknow,Unknow,Unknow
"TA 2976, (SR 1376)",Unknow,Female,Unknow,Unknow,May Gamgee,Hobbits,Unknow,Unknow
"TA 2965, (SR 1365)",Unknow,Male,Unknow,Unknow,Hamson Gamgee,Hobbits,Unknow,None
"TA 2926, (SR 1326),[2]","FO 7 (SR 1428),[3]",Male,"Brown, later gray","1.2m (3'11"")",Hamfast Gamgee,Hobbit,Unknow,Bell Goodchild
"TA 2969, (SR 1369)",Unknown,Male,Unknow,Unknow,Halfred Gamgee,Hobbits,Unknow,Unknown
FO 2,FO ?,Male,Unknow,Unknow,Frodo Gardner,Hobbits,Unknow,Unnamed wife
"TA 2972, (SR 1372)",FO 54,Female,Unknow,Unknow,Daisy Gamgee I,Hobbits,Unknow,Unknow
Unknow,Unknow,Unknow,Unknow,Unknow,Bilbo Gamgee,Unknow,Unknow,Unknow
Unknow,Unknow,Unknow,Unknow,Unknow,Halfast Gamgee,Unknow,Unknow,Unknow
Unknow,Unknow,Unknow,Unknow,Unknow,Merry Gamgee,Unknow,Unknow,Unknow
Unknow,Unknow,Male,Unknow,Unknow,Galion,Elves,Unknow,Unknow
Unknown,Unknown,Male,Unknow,Unknow,Galdor of the Tree,Elves,Unknow,Unknown
Unknown,Unknown,Male,Golden (movie),6'3 (movie),Galdor of the Havens,Elves,Unknow,Unknown
FA 417,FA 462,Male,Unknow,Tall,Galdor,Men,Unknow,Hareth
Unknow,Unknow,Unknow,Unknow,Unknow,Galar,Unknow,Unknow,Unknow
"YT 1362,[1]","Still alive: Departed over the sea on ,September 29,, ,3021",Female,Golden,Tall,Galadriel,Elves,"Eregion,Lothlórien,Caras Galadhon",Celeborn
Unknow,Unknow,Male,Unknow,Unknow,Galathil,Elves,Unknow,Unnamed Wife
"TA 2004,[1]","TA 2129,[1]",Male,Unknow,Unknow,Galador,Half-elven,Unknow,Unnamed wife
Unknow,Unknow,Unknow,Unknow,Unknow,Fíriel Fairbairn,Unknow,Unknow,Unknow
"TA 1896,[1]",Unknown,Female,Unknow,Unknow,Fíriel,Men,Arthedain,Arvedui
"TA 2859, (Fíli), ,TA 2864, (Kíli)","November 23, ,TA 2941, (Fíli, aged 82) and (Kíli, aged 77)",Male,Yellow,Unknow,Fíli and Kíli,Dwarves,Unknow,None
"YT 1169,[1]",YT 1497,Male,Raven,Tall,Fëanor,Elves,"Tirion,Formenos",Nerdanel
"TA 2662,[1]","TA 2799,[1]",Male,Unknow,Unknow,Fundin,Dwarves,Unknow,Unnamed wife
Unknow,Unknow,Unknow,Unknow,Unknow,Fuithluin,Unknow,Unknow,Unknow
Second Age,Unknow,Male,Unknow,Unknow,Fuinur,Men,Unknow,Unknow
TA 2552,TA 2589,Male,Unknow,Unknow,Frór,Dwarves,Unknow,Unknow
"TA 2594,[1]","TA 2680,[1]",Male,Unknow,Unknow,Fréawine,Men,Rohan,Unknow
"TA 2726,[1]","TA 2798,[1]",Male,Unknow,Unknow,Fréaláf Hildeson,Men,Rohan,Unnamed wife
"TA 2570,[1]","TA 2659, (aged 89),[1]",Male,Unknow,Unknow,Fréa,Men,Rohan,Unnamed wife
"Late ,Third Age, ?","November 10, ,2994, ?",Male,Unknow,Unknow,Frár,Dwarf,Unknow,Unknown
"TA 1940,[1]","TA 2001,[1]",Male,Unknow,Unknow,Frumgar,Men,Unknow,Unnamed wife
TA 2751,TA 2799,Male,Unknow,Unknow,Frerin,Dwarves,Unknow,Unknown
TA 2698,TA 2754,Male,Dark,Unknow,Freca,Men,Unknow,Unnamed wife
TA 1967,"Unknown, sometime after ,TA 2000",Male,Unknow,Unknow,Fram,Men,Unknow,"Unknown, probably as he had descendants"
"Late ,First Age, ?",Late First Age ?,Male,Fair,Unknow,Forweg,Men,Unknow,"Unknown, probably none"
"TA 2745, (SR 1145)","TA 2848, (SR 1248) (aged 103)",Male,Unknow,Unknow,Fortinbras Took I,Hobbits,Unknow,Unnamed wife
"Mid ,Third Age, ?","TA 1944, ?",Male,Unknow,Unknow,Forthwini,Men,Unknow,"Unknown, but possible since he had descendants"
"Late ,Third Age, ?",TA 3019,Male,Unknow,Unknow,Forlong,Men,Unknow,unknown
"TA 2830,[1]",TA 2903,Male,Unknow,Unknow,Folcwine,Men,Rohan,Unnamed wife
TA 2858,"TA 2885, (27 years old)",Male,Unknow,Unknow,Folcred,Men,Unknow,Unknow
"TA 2804,[1]","TA 2864, (aged 60),[1]",Male,Unknow,Unknow,Folca,Men,Unknow,Unnamed wife
"Late ,Third Age, ?","TA 2994,[1]",Male,Unknow,Unknow,Flói,Dwarves,Unknow,Unknown
Unknow,Unknow,Unknow,Unknow,Unknow,Fladrif,Unknow,Unknow,Unknow
Unknow,Unknow,Unknow,Unknow,Unknow,Moro Burrows,Unknow,Unknow,Unknow
"TA 2996, (SR 1396)",Unknown,Male,Unknow,Unknow,Minto Burrows,Hobbits,Unknow,Unknown
SR 1347,Unknow,Male,Unknow,Unknow,Milo Burrows,Hobbits,Unknow,Peony Baggins
TA 1930,TA 2031,Male,Unknow,Unknow,Bucca of the Marish,Hobbits,Unknow,Unknown
Unknow,Unknow,Unknow,Unknow,Unknow,Broncho Stonecrow,Unknow,Unknow,Unknow
"TA 2857, (SR 1257)",Unknown,Female,Unknow,Unknow,Sapphira (Brockhouse) Boffin,Hobbits,Unknow,Uffo Boffin
"Mid ,First Age",Late First Age ?,Male,Unknow,Unknow,Bregor,Men,Unknow,Unnamed wife
"TA 2913, (SR 1313)","TA 3012, (SR 1412)",Female,Unknow,Unknow,Asphodel (Brandybuck) Burrows,Hobbit,Unknow,Rufus Burrows
Unknow,Unknow,Unknow,Unknow,Unknow,Brodda,Unknow,Unknow,Unknow
"Late ,First Age, ?",FA 455,Male,Unknow,Unknow,Bregolas,Men,Unknow,Unnamed wife
TA 2512,TA 2570,Male,Unknow,Unknow,Brego,Men,Rohan,Unnamed wife
TA 2519,Unknown,Male,Leafy-hair,Unknow,Bregalad,Ents,Unknow,Unknow
Unknow,Unknow,Unknow,Unknow,Unknow,Salvia (Brandybuck) Bolger,Unknow,Unknow,Unknow
Unknow,Unknow,Unknow,Unknow,Unknow,Rorimac Brandybuck,Unknow,Unknow,Unknow
"TA 2920, (SR 1320)","TA 2980, (SR 1380)",Female,Unknow,Unknow,Primula (Brandybuck) Baggins,Hobbits,Unknow,Drogo Baggins
"TA 2860, (SR 1260)","TA 2960, (SR 1360)",Female,Unknow,Unknow,Mirabella (Took) Brandybuck,Hobbits,Unknow,Gorbadoc Brandybuck
"TA 2948, (SR 1348)",Unknown,Male,Unknow,Unknow,Seredic Brandybuck,Hobbits,Unknow,Hilda Bracegirdle
Unknow,Unknow,Unknow,Unknow,Unknow,Merimac Brandybuck,Unknow,Unknow,Unknow
Unknow,Unknow,Unknow,Unknow,Unknow,Orgulas Brandybuck,Unknow,Unknow,Unknow
"TA 2982, (SR 1382)","FO 65, (SR 1485) (age=103)",Male,Golden yellow (film),"1.38m (4'6"")",Meriadoc Brandybuck,Hobbit,Unknow,Estella (Bolger) Brandybuck
"TA 2983, (,SR 1383,)","Early-,Fourth Age",Female,Dark Brown,Unknow,Mentha Brandybuck,Hobbits,Unknow,Unknow
SR 1385,Unknow,Female,Unknow,Unknow,Melilot Brandybuck,Hobbits,Unknow,Unknow
SR 1175,"SR 1277, (aged 102)",Male,Unknow,Unknow,Madoc Brandybuck,Hobbit,Buckland,Hanna Goldworthy
Unknow,Unknow,Unknow,Unknow,Unknow,Ilberic Brandybuck,Unknow,Unknow,Unknow
Unknow,Unknow,Unknow,Unknow,Unknow,Gorbadoc Brandybuck,Unknow,Unknow,Unknow
Unknow,Unknow,Unknow,Unknow,Unknow,Marmadoc Brandybuck,Unknow,Unknow,Unknow
"TA 2985, (SR 1385)","Before ,FO 63",Female,Dark Blonde,Unknow,Estella (Bolger) Brandybuck,Hobbits,Unknow,Meriadoc Brandybuck
"TA 2954, (SR 1354)",Unknown,Female,Unknow,Unknow,Hilda Brandybuck,Hobbits,Unknow,Seredic Brandybuck
"TA 2936, (SR 1336)",Unknown,Female,Unknow,Unknow,Esmeralda Brandybuck,Hobbits,Unknow,Saradoc Brandybuck
Unknow,Unknow,Unknow,Unknow,Unknow,Doderic Brandybuck,Unknow,Unknow,Unknow
"TA 2994, (SR 1394)",Unknown,Female,Unknow,Unknow,Celandine Brandybuck,Hobbits,Unknow,None
Unknow,Unknow,Unknow,Unknow,Unknow,Berilac Brandybuck,Unknow,Unknow,Unknow
"TA 2904, (SR 1304)","TA 2998, (SR 1398)",Female,Unknow,Unknow,Amaranth Brandybuck,Hobbits,Unknow,None
"TA 2818, (SR 1218)",Unknown,Female,Unknow,Unknow,Adaldrida (Bolger) Brandybuck,Hobbits,Unknow,Marmadoc Brandybuck
"First Age, ?","FA 499,[1]",Unknow,Unknow,Unknow,Brandir,Men,Unknow,Unknow
TA 2957,"March 17,, ,3019",Male,Unknow,Unknow,Brand,Men,"Dale,Laketown",Unnamed wife
"TA 2865, (SR 1265)",Unknown,Female,Unknow,Unknow,Primrose Bracegirdle,Hobbits,Unknow,Blanco Bracegirdle
"TA 2913, (SR 1313)","TA 3010, (SR 1410)",Male,Unknow,Unknow,Bruno Bracegirdle,Hobbits,Unknow,Unnamed wife
"TA 2865, (SR 1265)",Unknown,Male,Unknow,Unknow,Blanco Bracegirdle,Hobbits,Unknow,Primrose Boffin
"Late ,First Age, ?",FA 473,Male,Unknow,Unknow,Borthand,Men,Unknow,Unknown
"Late ,Third Age, ?","April 15,, ,2510",Male,Unknow,Unknow,Borondir,Men,Unknow,Unknown
"First Age, ?",First Age ?,Male,Unknow,Unknow,Boron,Men,Unknow,Unnamed wife
TA 2410,TA 2489,Male,Unknow,Unknow,Boromir (Steward),Men,Unknow,Unnamed wife
"FA 338, ?","FA 432, ?",Male,Unknow,Unknow,Boromir (House of Bëor),Men,Unknow,Unnamed wife
Unknow,Unknow,Unknow,Unknow,Unknow,Reginard Took,Unknow,Unknow,Unknow
Unknow,Unknow,Unknow,Unknow,Unknow,Pimpernel Took,Unknow,Unknow,Unknow
Unknow,Unknow,Unknow,Unknow,Unknow,Pervinca Took,Unknow,Unknow,Unknow
"TA 2990, (SR 1390),[1]","FO 65, (SR 1485) (aged 95)",Male,Almost golden,"1.34m (4'5"")",Peregrin Took,Hobbits,Unknow,Diamond of Long Cleeve
"TA 2975, (SR 1375)","before ,FO 63",Female,Unknow,Unknow,Pearl Took,Hobbits,Unknow,None
TA 2933,"FO 13, (SR 1434),[1]",Male,Unknow,Unknow,Paladin Took II,Hobbits,Unknow,Eglantine Banks
Unknow,Unknow,Unknow,Unknow,Unknow,Lalia (Clayhanger) Took,Unknow,Unknow,Unknow
"TA 2847, (SR 1247)","TA 2946, (SR 1346",Male,Unknow,Unknow,Isembard Took,Hobbits,Unknow,Unknown
SR 1240,"SR 1341, (aged 101)",Male,Unknow,Unknow,Hildigrim Took,Hobbits,Unknow,Rosa Baggins
"TA 2844, (SR 1244)",Unknown,Male,Unknow,Unknow,Hildifons Took,Hobbits,Unknow,Unknow
"TA 2849, (SR 1249)","TA 2934, (SR 1334)",Male,Unknow,Unknow,Hildibrand Took,Hobbits,Unknow,Unknown
"TA 2790, (SR 1190),[1]","TA 2920, (SR 1320)",Male,Unknow,Unknow,Gerontius Took,Hobbits,Unknow,Adamanta Chubb
Unknow,Unknow,Unknow,Unknow,Unknow,Flambard Took,Unknow,Unknow,Unknow
Unknow,Unknow,Unknow,Unknow,Unknow,Ferdinand Took,Unknow,Unknow,Unknow
"TA 2916, (SR 1316)","TA 3015, (SR 1415)",Male,Unknow,Unknow,Ferumbras III Took,Hobbits,Unknow,None
"TA 2928, (SR 1328)","FO 2, (SR 1423)",Male,Unknow,Unknow,Adelard Took,Hobbits,Unknow,Unnamed wife
"TA 2817, (SR 1217)","TA 2923, (SR 1323)",Female,Unknow,Unknow,Adamanta (Chubb) Took,Hobbits,Unknow,"Gerontius ""The Old"" Took"
Unknow,Unknow,Unknow,Unknow,Unknow,Ferdibrand Took,Unknow,Unknow,Unknow
"TA 2880, (SR 1280)","TA 2982, (SR 1382)",Male,Unknow,Unknow,Adalgrim Took,Hobbits,Unknow,Unnamed wife
Unknow,Unknow,Unknow,Unknow,Unknow,Everard Took,Unknow,Unknow,Unknow
"TA 2701, (SR 1101)","TA 2800, (SR 1200)",Male,Unknow,"1.35m (4'5"")",Bandobras Took,Hobbit,Unknow,Unnamed wife ?
"TA 2666, (SR 1066)","TA 2759, (SR 1159)",Male,Unknow,Unknow,Isumbras Took III,Hobbits,Unknow,Unnamed wife
"TA 2620, (SR 1020)","TA 2722, (SR 1122)",Male,Unknow,Unknow,Isengrim Took II,Hobbits,Unknow,Unnamed wife
"TA 2878, (SR 1278)","TA 2980, (SR 1380)",Male,Unknow,Unknow,Fortinbras Took II,Hobbits,Unknow,Lalia Clayhanger
Unknow,Unknow,Unknow,Unknow,Unknow,Tolman Gardner,Unknow,Unknow,Unknow
"TA 2295, (SR 695)","TA 2398, (SR 798)",Male,Unknow,Unknow,Isumbras Took I,Hobbits,Unknow,Unknown
"FO 10, (SR 1430)","FO 112, (SR 1532)",Male,Unknow,Unknow,Faramir Took I,Hobbits,Unknow,Goldilocks Gardner
"Third Age, or before",Unknow,Male,None,About 13',"Tom, Bert, and William",Stone-trolls,Unknow,None
"After ,SA 61","Early ,Second Age,?",Female,Unknow,Unknow,Tindómiel,Men,Unknow,Unknown
Unknow,Unknow,Unknow,Unknow,Unknow,Tim,Unknow,Unknow,Unknow
Before the creation of Arda,Immortal,Male, ?,Unknow,Tilion,Ainur,Unknow,None
Unknow,Unknow,Unknow,Unknow,Unknow,Théodwyn,Unknow,Unknow,Unknow
"TA 2978,[1]","February 25,, ,3019,[1]",Male,Unknow,Unknow,Théodred,Men,Unknow,Unknow
"TA 2948,, ,Gondor,[2]","March 15,, ,3019, (aged 70),[4]",Male,"White with braids (book),, Blonde (films)",Tall,Théoden,Men,Unknow,"Elfhild,[2]"
Unknown,FA 465,Female,Unknow,Unknow,Thuringwethil,Vampire,Unknow,Unknow
TA 2542,TA 2790,Male,Grey-white,Unknow,Thrór,Dwarves,"Grey Mountains,Lonely Mountain",Unnamed wife
TA 2644,"TA 2850, (Book), ,TA 2941, (Film)",Male,Unknow,Unknow,Thráin II,Dwarves,Lonely Mountain,Unnamed wife
First Age,"Presumably departed to ,Aman",Male,Golden,Tall,Thranduil,Elves,"Woodland Realm,Mirkwood",Unnamed wife
"Before the Creation of ,Arda",Immortal,Male,Unknow,30 ,Thorondor,Great Eagles,Unknow,Unknown
TA 1934,TA 2190,Male,Unknow,Unknow,Thráin I,Dwarves,Khazad-dûm,Unnamed wife
"TA 2782,[1]","TA 2882,[2]",Male,Unknow,Unknow,Thorondir,Men,Unknow,Unnamed wife
TA 2866,"FO 137,(aged 280)",Male,Unknow,Unknow,Thorin III Stonehelm,Dwarves,"Lonely Mountain,Iron Hills",Unknown
TA 2746,"November 23, TA 2941",Male,Unknow,Unknow,Thorin II Oakenshield,Dwarves,Ered Luin,Unknow
TA 2035,TA 2289,Male,Unknow,Unknow,Thorin I,Dwarves,"Lonely Mountain,Grey Mountains",Unnamed wife
"YT 1050,[1]",FA 502,Male,Silver,"Tallest of the Elven-folk, 8'2""",Thingol,Elves,Doriath,Melian
TA 2905,TA 2980,Male,Unknow,Unknow,Thengel,Men,Rohan,Morwen Steelsheen
Second Age,"Sometime after the ,War of the Last Alliance, (as a Man), ,March,, ,3019, (final death)",Male,Unknow,Tall,The King of the Dead,"Men,Undead","White Mountains,Paths of the Dead",Unknown
"TA 1516,[1]","TA 1636,[2]",Male,Unknow,Unknow,Telemnar,Men,Gondor,Unnamed wife
First Age,"First Age, ?",Male,Unknow,Unknow,Telchar,Dwarves,Unknow,Unknown
"Unknown, awakened in the ,Years of the Trees",Unknown,Female,Unknow,Unknow,Tatië,Elves,Unknow,Tata
"TA 1632,[1]","TA 1850,[2]",Male,Unknow,Unknow,Telumehtar,Men,Gondor,Unnamed wife
"Unknown, awakened in the ,Years of the Trees",Unknown,Male,Unknow,Unknow,Tata,Elves,Unknow,Tatië
"TA 372,[1]",TA 602,Male,Unknow,Unknow,Tarondor of Arnor,Men,Arnor,Unnamed wife
"Late ,Third Age, ?",Unknown,Male,Unknow,Unknow,Targon,Men,Unknow,Unknown
Unknow,Unknow,Unknow,Unknow,Unknow,Mimosa (Bunce) Baggins,Unknow,Unknow,Unknow
"TA 2860, (SR 1260)","TA 2950, (SR 1350)",Male,Unknow,Unknow,Longo Baggins,Hobbits,Unknow,Camellia (Sackville) Baggins
"TA 2814, (SR 1214)","TA 2916, (SR 1316)",Female,Unknow,Unknow,Laura (Grubb) Baggins,Hobbits,Unknow,Mungo Baggins
"TA 1577,[1]","TA 1798,[2]",Male,Unknow,Unknow,Tarondor,Men,Gondor,Unnamed wife
"After ,TA 654","Before ,TA 913",Male,Unknow,Unknow,Tarciryan,Men,Unknow,Unnamed wife
"TA 2807, (SR 1207)","TA 2900, (SR 1300)",Male,Unknow,Unknow,Mungo Baggins,Hobbits,Unknow,Laura Grubb
Unknow,Unknow,Unknow,Unknow,Unknow,Largo Baggins,Unknow,Unknow,Unknow
"22 September,, ,TA 2968, (,SR 1368,)","Unknown (Last sighting ,September 29,, ,3021,) (,SR 1421,)",Male,Brown,"1.06m (3'6"")",Frodo Baggins,Hobbit,Unknow,Unknow
"TA 2864, (SR 1264),[1]","TA 2960, (SR 1360),[1]",male,Unknow,Unknow,Fosco Baggins,Hobbits,Unknow,Ruby Bolger
"TA 2911, (SR 1311)","TA 3009, (SR 1409)",Male,Unknow,Unknow,Dudo Baggins,Hobbits,Unknow,Unnamed wife
"TA 2908, (SR 1308)","TA 2980, (SR 1380)",Male,Unknow,Unknow,Drogo Baggins,Hobbits,Unknow,Primula Brandybuck
Unknow,Unknow,Unknow,Unknow,Unknow,Dora Baggins,Unknow,Unknow,Unknow
Unknow,Unknow,Unknow,Unknow,Unknow,Bingo Baggins,Unknow,Unknow,Unknow
Unknow,Unknow,Unknow,Unknow,Unknow,Chica (Chubb) Baggins,Unknow,Unknow,Unknow
"TA 2846, (SR 1246)","TA 2926, (SR 1326)",Male,Unknow,Unknow,Bungo Baggins,Hobbit,Unknow,Unknow
"TA 2772, (SR 1172)","TA 2871, (SR 1271)",Female,Unknow,Unknow,Berylla (Boffin) Baggins,Hobbits,Unknow,Balbo Baggins
"TA 2852, (SR 1252)","TA 2934, (SR 1334)",Female,Black,Unknow,Belladonna (Took) Baggins,Hobbits,Unknow,Bungo Baggins
"TA 2767, (SR 1167)","TA 2858, (SR 2358)",Male,Unknow,Unknow,Balbo Baggins,Hobbits,Unknow,Berylla (Boffin) Baggins
TA 2981,"Early-,Fourth Age",Female,Blonde,Unknow,Angelica Baggins,Hobbit,Unknow,Unknow
Unknown,"TA 2799,[1]",Male,none,8'5,Azog,Orcs,"Moria,Mount Gundabad",Unknow
"FA 214, ?",FA 473,Male,Unknow,Unknow,Azaghâl,Dwarves,Unknow,Unknown
"SA 395,[1]",Unknown,Male,Unknow,Unknow,Axantur,Men,Unknow,Unnamed wife
"Before the creation of ,Arda",Immortal,Male,Unknow,Unknow,Aulë,Ainur,Unknow,Yavanna
"SA 213,[1]","Early ,Second Age, ?",Male,Unknow,Unknow,Aulendil (Vardamir's son),Men,Unknow,Unnamed wife
"TA 977,[1]","TA 1226,[2]",Male,Unknow,Unknow,Atanatar II,Men,Gondor,Unnamed wife
"TA 480,[1]","TA 748,[2]",Male,Unknow,Unknow,Atanatar I,Men,Gondor,Unnamed wife
"After ,SA 61,[1]","Early ,Second Age, ?",Male,Unknow,Unknow,Atanalcar,Men,Unknow,Possible unnamed wife
Unknow,Unknow,Unknow,Unknow,Unknow,Asgon,Unknow,Unknow,Unknow
"TA 241,[1]","FO 121, (2901 years old),[2]",Female,Black,Unknow,Arwen,"Half-elven,Men",Reunited Kingdom,Aragorn II Elessar
"TA 1633,[1]","TA 1813,[2]",Male,Unknow,Unknow,Arveleg II,Men,"Arthedain,Arnor",Unnamed wife
"TA 1309,[1]","TA 1409,[2]",Male,Unknow,Unknow,Arveleg I,Men,"Arnor,Arthedain",Unnamed wife
"TA 1553,[1]","TA 1743,[2]",Male,Unknow,Unknow,Arvegil,Men,"Arthedain,Arnor",Unnamed wife
"TA 1864,[1]","TA 1975,[1],[2]",Male,Unknow,Unknow,Arvedui,Men,Arthedain,Fíriel
"Late ,First Age, ?","FA 460,[1]",Male,Unknow,Unknow,Arthad,Men,Unknow,Unknown
Unknow,Unknow,Unknow,Unknow,Unknow,Artamir,Unknow,Unknow,Unknow
Unknown,Unknown,Male,Unknow,Unknow,Arminas,Elves,Unknow,Unknown
"Before the creation of ,Arda",Immortal,Female,Unknow,Unknow,Arien,Ainur,Unknow,None
"TA 2757,[1]","TA 2912,[1]",Male,Unknow,Unknow,Argonui,Men,Unknow,Unnamed wife
Years of the Trees,"YT 1500, or ,FA 1,, ,Battle of the Lammoth",Male,Possibly dark,Tall,Argon,Elves,Unknow,"None,[1]"
"TA 1473,[1]","TA 1670,[2]",Male,Unknow,Unknow,Argeleb II,Men,Arthedain,Unnamed wife
"TA 1226,[1]","TA 1356,[2]",Male,Unknow,Unknow,Argeleb I,Men,"Arthedain,Arnor",Unnamed wife
"YT 1362,[1]","FA 400, (aged 1,738)",Female,Dark,Tall,Aredhel,Elves,Unknow,Eöl
SA 562,Unknown,Male,Unknow,Unknow,Ardamir (son of Axantur),Men,Unknow,Unknown
"After ,TA 1684,[1]",Unknown,Male,Unknow,Unknow,Arciryas,Men,Unknow,Unnamed wife
"TA 2497,[1]","TA 2654,[2]",Male,Unknow,Unknow,Aravorn,Men,Unknow,Unnamed wife
"TA 2156,[1]","TA 2319,[2]",Male,Unknow,Unknow,Aravir,Men,Unknow,Unnamed wife
"TA 1711,[1]","TA 1891,[2]",Male,Unknow,Unknow,Araval,Men,"Arthedain,Arnor",Unnamed wife
"TA 2873,[1]","TA 2933,[2]",Male,Dark (film),Unknow,Arathorn II,Men,Unknow,Gilraen
"TA 2693,[1]","TA 2848,[2]",Male,Unknow,Unknow,Arathorn I,Men,Unknow,Unnamed wife
"SA 3339,[1]",Unknow,Male,Unknow,Unknow,Aratan,Men,TA 2,"Unknown, possibly known"
"TA 2628,[1]","TA 2784,[2]",Male,Unknow,Unknow,Arassuil,Men,Unknow,Unnamed wife
"TA 1391,[1]","TA 1589,[2]",Male,Unknow,Unknow,Araphor,Men,Arthedain,Unnamed wife
"TA 185,[1]","TA 435,[1]",Male,Unknow,Unknow,Arantar,Men,Arnor,Unnamed wife
"TA 1789,[1]","TA 1964,[2]",Male,Unknow,Unknow,Araphant,Men,Arthedain,Unnamed wife
Unknow,Unknow,Male,Unknow,Unknow,Aranwë,Elves,Unknow,Unnamed wife
"TA 2084,[1]","TA 2247,[2]",Male,Unknow,Unknow,Aranuir,Men,Unknow,Unnamed wife
"TA 1938,[1]","TA 2106,[2]",Male,Unknow,Unknow,Aranarth,Men,Unknow,Unnamed wife
"TA 2012,[1]","TA 2177,[2]",Male,Unknow,Unknow,Arahael,Men,Unknow,Unnamed wife
"TA 2563,[1]","TA 2719,[2]",Male,Unknow,Unknow,Arahad II,Men,Unknow,Unnamed wife
"TA 2365,[1]","TA 2523,[2]",Male,Unknow,Unknow,Arahad I,Men,Unknow,Unnamed wife
"TA 2431,[1]","TA 2588,[2]",Male,Unknow,Unknow,Aragost,Men,Unknow,Unnamed wife
"March 1,, ,2931,[1]","FO 120, (aged 210),[3]",Male,Dark,"198cm (6'6"")",Aragorn II Elessar,Men,"Reunited Kingdom,Arnor,Gondor",Arwen
"TA 2227,[1]","TA 2327,[2]",Male,Unknow,Unknow,Aragorn I,Men,Unknow,Unnamed wife
"TA 2296,[1]","TA 2455,[2]",Male,Unknow,Unknow,Araglas,Men,Unknow,Unnamed wife
"TA 2820,[1]","TA 2930,[2]",Male,"Dark, then grey (film)",Unknow,Arador,Men,Unknow,Unnamed wife
SA 2798,SA 3033,Male,Unknow,Unknow,Ar-Zimrathôn,Men,Númenor,Unnamed wife
"Mid-,Third Age",Unknown,Male,Unknow,Unknow,Angamaitë,Men,Unknow,Unknown
FA 440,FA 489,Male,Unknow,Unknow,Andróg,Men,Unknow,Unnamed wife
"FA 361,[2]","FA 455, ?",Female,Dark brown,Unknow,Andreth,Men,Unknow,"Loved ,Aegnor, but they never married"
Possibly before the Creation of Arda,"FA 587,[1]",Male,Unknow,As tall as a mountain,Ancalagon,Dragons,Unknow,Unknow
"Late ,Third Age, ?",Unknown,Male,Dark,Unknow,Anborn,Men,Unknow,Unknown
"TA 136,[1]","TA 411,[2]",Male,Unknow,Unknow,Anardil,Men,Gondor,Unnamed wife
"YT,?",Unknow,Female,Unknow,Unknow,Anairë,Elves,Unknow,Fingolfin
"TA 2994,[1]",Unknown,Male,Unknow,Unknow,Amrothos,Men,Unknow,Unknown
Unknow,Unknow,Unknow,Unknow,Unknow,Andvír,Unknow,Unknow,Unknow
Unknown,"TA 1981,[1],[2]",Male,Golden,Unknow,Amroth,Elves,Lórien,"Nimrodel, (Betrothed)"
Years of the Trees,"YT 1497,, ,Losgar,[2]",Male,Dark red,Unknow,Amrod,Elves,Unknow,"None,[3]"
Years of the Trees,"FA 538,[2]",Male,Dark red,Unknow,Amras,Elf,Estolad,"None,[3]"
"TA 726,[2]","TA 946,[3]",Male,Unknow,Unknow,Amlaith,Men,Arthedain,Unnamed wife
Unknow,Unknow,Unknow,Unknow,Unknow,Amlach,Unknow,Unknow,Unknow
"Sometime during ,Years of the Trees, or the ,First Age, ?",SA 3434,Male,Unknow,Unknow,Amdír,Elves,Lórien,Unnamed wife
"YT, ?",Still alive,Female,Unknow,Unknow,Amarië,Elves,Unknow,"Loved ,Finrod, but it is unknown whether they married"
"Late ,Second Age, ?","Sailed West either SA 3310,[1], or SA 3316,[1],, fate unknown",Male,Unknow,Unknow,Amandil,Men,Unknow,Unnamed wife
"TA 3017,[1]","FO 95,[1]",Male,Unknow,Unknow,Alphros,Men,Unknow,Unknown
"Between ,SA 700, and ,SA 750","Early ,Second Age, ?",Female,Unknow,Unknow,Almiel,Men,Unknow,Unknown
"Between ,SA 700, and ,SA 750","Early ,Second Age,?",Female,Unknow,Unknow,Ailinel,Men,Unknow,Orchaldor
Unknow,Unknow,Female,Unknow,Unknow,Almarian,Men,Númenor,Tar-Meneldur
"Late ,First Age, ?","FA 489, ?",Male,Unknow,Unknow,Algund,Men,Unknow,None known
"TA 2544,[1]","TA 2645, (aged 101),[1]",Male,Unknow,Unknow,Aldor,Men,Rohan,Unnamed wife
"TA 1330,[1]","TA 1540,[2]",Male,Unknow,Unknow,Aldamir,Men,Gondor,Unnamed wife
Before the creation of Arda,Unknown,Male,Unknow,Unknow,Alatar,"Ainur,Maiar",Unknow,None
"TA 2827,[1]","TA 2932,[1]",Male,Unknow,Unknow,Aglahad,Men,Unknow,Unnamed wife
Unknow,Unknow,Unknow,Unknow,Unknow,Aghan,Unknow,Unknow,Unknow
Unknow,Unknow,Unknow,Unknow,Unknow,Agathor,Unknow,Unknow,Unknow
"Mid ,First Age, ?",FA 495,Female,Unknow,Unknow,Aerin,Men,Unknow,Brodda
Unknow,Unknow,Unknow,Unknow,Unknow,Aerandir,Unknow,Unknow,Unknow
"YT, ? during the ,Noontide of Valinor","FA 455,[2]",Male,Golden,Unknow,Aegnor,Elves,Unknow,"Loved ,Andreth,, but remained unmarried"
"TA 2917,[1]","TA 3010,[1]",Male,Unknow,Unknow,Adrahil II,Men,Unknow,Unnamed wife
"Before ,TA 1944","Late ,Third Age",Male,Unknow,Unknow,Adrahil I,Men,Unknow,Unknown
