181,TA 2904,TA 3004,Female,,,Gerda (Boffin) Bolger,Hobbits,,Adalbert Bolger
375,TA 2790,TA 2920,Male,,,Gerontius Took,Hobbits,,Adamanta Chubb
293,FA 339,,Male,,,Belemir,Men,,Adanel
208,Around FA 450 ,,Female,,,Meleth,Men,,Agathor
127,"Sometime before ,SA 799",,Male,,,Orchaldor,Men,,Ailinel
19,SA 543,SA 942,Male,,,Tar-Meneldur,Men,Númenor,Almarian
31,YT 1190,FA 455,Male,Dark,,Fingolfin,Elves,"Hithlum,Beleriand",Anairë
107,YT,,Female,,,Eldalótë,Elves,,Angrod
59,"Late ,Second Age",,Female,,,Inzilbêth,Men,,Ar-Gimilzôr
14,SA 3117,SA 3319,Female,,,Tar-Míriel,Men,Númenor,Ar-Pharazôn
415,TA 241,FO 121,Female,Black,,Arwen,"Half-elven,Men",Reunited Kingdom,Aragorn II Elessar
236,TA 2907,TA 3007,Female,Blonde (film),"Unknown (book) 1.66m (5'5"") (film)",Gilraen,Men,,Arathorn II
80,YT,FA 400,Male,Dark,Tall,Eöl,Elves,Nan Elmoth,Aredhel
336,TA 1896,,Female,,,Fíriel,Men,Arthedain,Arvedui
442,"March 1 ,2931",FO 120,Male,Dark,"198cm (6'6"")",Aragorn II Elessar,Men,"Reunited Kingdom,Arnor,Gondor",Arwen
48,,,Male,,,Rufus Burrows,Hobbit,,Asphodel Brandybuck
166,"Before the creation of ,Arda",Immortal,Female,,Varies,Yavanna,Ainur,Pastures of Yavanna,Aulë
406,TA 2772,TA 2871,Female,,,Berylla (Boffin) Baggins,Hobbits,,Balbo Baggins
97,FA 406,,Female,,,Emeldir,Men,,Barahir
49,SR 1255,SR 1348,Male,,,Rudigar Bolger,Hobbits,Bree,Belba Baggins
50,TA 2849,"Late ,Third Age",Male,,,Rowan Greenhand,Hobbits,Shire,Belba Baggins
144,FA 441,FA 495,,,,Handir,Men,Brethil,Beldis
0,,,Female,,,Adanel,Men,,Belemir
330,TA 2926,FO 7 (SR 1428),Male,"Brown, later gray","1.2m (3'11"")",Hamfast Gamgee,Hobbit,,Bell Goodchild
131,"Early ,Second Age",,Female,,,Núneth,Men,,Beregar
319,YT 1200,FA 503,Female,Black,,Lúthien,"Elves,Maiar",,Beren Erchamion
9,TA 654,TA 913,Male,,,Tarannon Falastur,Men,Gondor,Berúthiel
408,TA 2767,TA 2858,Male,,,Balbo Baggins,Hobbits,,Berylla (Boffin) Baggins
366,TA 2865,,Female,,,Primrose Bracegirdle,Hobbits,,Blanco Bracegirdle
462,"Mid ,First Age",FA 495,Female,,,Aerin,Men,,Brodda
178,"Late ,Third Age",Late Third Age ,Female,,,Ivy (Goodenough) Boffin,Hobbits,,Buffo Boffin
407,TA 2852,TA 2934,Female,Black,,Belladonna (Took) Baggins,Hobbits,,Bungo Baggins
398,TA 2860,TA 2950,Male,,,Longo Baggins,Hobbits,,Camellia (Sackville) Baggins
333,YT 1362,"Still alive: Departed over the sea on ,September 29 ,3021",Female,Golden,Tall,Galadriel,Elves,"Eregion,Lothlórien,Caras Galadhon",Celeborn
100,FA 532,"Still alive; departed to ,Aman, on ,September 29 ,3021",Male,Dark,Tall,Elrond,Half-elven,Rivendell,Celebrían
224,TA 2862,,Female,,,Rose Greenhand,Hobbits,,Cotman Cotton
180,TA 2946,,Male,,,Griffo Boffin,Hobbits,,Daisy Baggins
32,TA 2950,TA 2988,Female,Dark,,Finduilas of Dol Amroth,Men,,Denethor II
372,TA 2990,FO 65,Male,Almost golden,"1.34m (4'5"")",Peregrin Took,Hobbits,,Diamond of Long Cleeve
195,"Unknown, possibly sometime during the ,Years of the Trees",FA 506,Female,,,Nimloth (elf),Elves,Doriath,Dior Eluchíl
53,TA 2857,TA 2929,Female,Brown (film),,Ivorwen,Men,,Dírhael
179,TA 2854,TA 2945,Male,,,Hugo Boffin,Hobbits,,Donnamira Took
356,TA 2920,TA 2980,Female,,,Primula (Brandybuck) Baggins,Hobbits,,Drogo Baggins
98,FA 503,Still Alive,Female,Dark,,Elwing,Half-elven,,Eärendil
34,YT 1230,Still Alive,Male,Golden,,Finarfin,Elves,Tirion,Eärwen
373,TA 2933,FO 13,Male,,,Paladin Took II,Hobbits,,Eglantine Banks
225,"Late ,First Age",FA 460,Male,,,Gorlim,"Men,Wraith",,Eilinel
40,SA 521,,Female,,,Silmariën,Men,,Elatan
3,YT,FA 455,Male,Golden,,Angrod,Elves,,Eldalótë
282,YT 1300,FA 510,Male,Dark,,Turgon,Elves,"Nevrast,Gondolin",Elenwë
384,"TA 2948 ,Gondor","March 15 ,3019",Male,White with braids (book) Blonde (films),Tall,Théoden,Men,,Elfhild
250,"Between the years ,SA 350, and SA 400","Still alive; Departed to ,Aman, in ,TA 2510",Female,Possibly silver,,Celebrían,Elves,,Elrond
87,FA 503,Still Alive,Male,Golden,,Eärendil,Half-elven,,Elwing
305,FA 402,FA 460,Male,Possibly dark,,Barahir,Men,,Emeldir
95,"Unknown, Awakened in the ,Years of the Trees",,Female,,,Enelyë,Elves,,Enel
96,"Unknown, Awakened in the Years of the Trees",,Male,,,Enel,Elves,,Enelyë
423,YT 1362,FA 400,Female,Dark,Tall,Aredhel,Elves,,Eöl
322,TA 2999,,Female,,,Lothíriel,Men,Rohan,Éomer
38,TA 2983,"February 26 ,82",Male,Raven,,Faramir,Men,Minas Ithil,Éowyn
28,SA 700,SA 1098,Male,,,Tar-Aldarion,Men,Númenor,Erendis
58,"Before the creation of ,Arda",Immortal,Male,,,Irmo,Ainur,,Estë
359,TA 2982,FO 65,Male,Golden yellow (film),"1.38m (4'6"")",Meriadoc Brandybuck,Hobbit,,Estella (Bolger) Brandybuck
92,TA 2995,FO,Female,Pale gold,Tall,Éowyn,Men,,Faramir
241,"Late ,Third Age",,Female,,,Lily Cotton,Hobbits,,Farmer Cotton
328,March 253021,"Early ,Fourth Age",Female,Blonde or Golden,,Elanor Gardner,Hobbits,,Fastred of Greenholm
197,"YT, during the ,Noontide of Valinor",Still alive,Female,Reddish brown,,Nerdanel,Elves,,Fëanor
287,YT,,Male,"Leaf, twig and moss like",15'4,Treebeard,"Ents,Onodrim",,Fimbrethil
81,Years of the Trees,Still alive,Female,Star-like ,,Eärwen,Elves,,Finarfin
159,TA 2930,"March 15 ,3019",Male,"Dark, grey (in old age)",,Denethor II,Men,,Finduilas
450,YT,,Female,,,Anairë,Elves,,Fingolfin
62,,Still Alive,Female,Golden,Tall,Indis,Elves,Tirion,Finwë
201,,YT 1170,Female,Silver,,Míriel,Elves,,Finwë
419,TA 1864,TA 1975,Male,,,Arvedui,Men,Arthedain,Fíriel
252,YT,"Still alive, departed over the sea in the early Fourth Age",Male,Silver,Tall,Celeborn,Elves,"Eregion,Lothlórien,Caras Galadhon",Galadriel
143,FA 419,,Female,,,Hareth,Men,,Galdor
377,TA 2817,TA 2923,Female,,,Adamanta (Chubb) Took,Hobbits,,Gerontius Took
151,FA 390,FA 455,Male,Golden,,Hador,Men,,Gildis
428,TA 2873,TA 2933,Male,Dark (film),,Arathorn II,Men,,Gilraen
150,FA 413,FA 473,Male,,,Haldir (Haladin),Men,,Glóredhel
168,"Unknown, before the coming of Melkor","Unknown, possibly immortal",Male,Brown,,Tom Bombadil,,Old Forest,Goldberry
383,FO 10,FO 112,Male,,,Faramir Took I,Hobbits,,Goldilocks Gardner
357,TA 2860,TA 2960,Female,,,Mirabella (Took) Brandybuck,Hobbits,,Gorbadoc Brandybuck
111,"Mid ,First Age","Between ,FA 455, - ,FA 460",Female,,,Eilinel,Men,,Gorlim
312,,,Female,,,"Malva ""Headstrong"" Brandybuck",Hobbit,,Gormadoc Brandybuck
183,TA 2950,,Female,,,Daisy (Baggins) Boffin,Hobbits,,Griffo Boffin
237,First Age,,Female,,,Gildis,Men,,"Hador, Lórindol"
231,FA 415,FA 473,Female,Blonde,,Glóredhel,Men,,Haldir
23,SA 873,SA 1285,Female,,,Tar-Ancalimë,Men,Númenor,Hallacar
299,"Mid-,First Age",,Female,Brown,,Beldis,Men,,Handir
360,SR 1175,SR 1277,Male,,,Madoc Brandybuck,Hobbit,Buckland,Hanna Goldworthy
332,FA 417,FA 462,Male,,Tall,Galdor,Men,,Hareth
10,SA 2277,SA 2637,Female,,,Tar-Vanimeldë,Men,Númenor,Herucalmo
172,TA 2897,"Late ,Third Age",Female,,,Jessamine (Boffin) Bolger,Hobbits,,Herugar Bolger
358,TA 2948,,Male,,,Seredic Brandybuck,Hobbits,,Hilda Bracegirdle
289,SR 1256,,Female,,,Rosa (Baggins) Took,Hobbits,,Hildigrim Took
186,TA 2856,TA 2948,Female,,,Donnamira (Took) Boffin,Hobbits,,Hugo Boffin
47,FA 450,FA 473,Female,,,Rían,Men,,Huor
203,FA 443,FA 500,Female,"Dark, grey in old age",Tall,Morwen,Men,,Húrin Thalion
284,FA 472,None; sailed into the West and was accounted amongst the Eldar,Male,Golden,Tall,Tuor,Men,,Idril Celebrindal
66,"Unknown, Awakened in the ,Years of the Trees",,Female,,,Iminyë,Elves,,Imin
67,"Unknown, Awakened in the ,Years of the Trees",,Male,,,Imin,Elves,,Iminyë
204,,,Female,,,Mithrellas,Elves,,Imrazôr
7,SA 2960,SA 3177,Male,,,Ar-Gimilzôr,Men,Númenor,Inzilbêth
88,"Before the creation of ,Arda",Immortal,Female,,,Estë,Ainur,,Irmo
117,TA 2838,"After ,TA 2929",Male,Brown (film),,Dírhael,Men,,Ivorwen
184,"Late ,Third Age","Late ,Third Age",Male,,,Buffo Boffin,Hobbits,,Ivy Goodenough
382,TA 2878,TA 2980,Male,,,Fortinbras Took II,Hobbits,,Lalia Clayhanger
402,TA 2807,TA 2900,Male,,,Mungo Baggins,Hobbits,,Laura Grubb
175,TA 2860,,Male,,,Rollo Boffin,Hobbits,,Lavender Grubb
176,TA 2812,TA 2900,Male,,,Otto Boffin,Hobbits,,Lavender Grubb
325,SR 1313,Between SR 1401-1418,,,3'8',Letter 211,,,Lilah Took
238,TA 2941,FO 20,Male,,,Tolman Cotton,Hobbits,,Lily Brown
273,YT,,Female,,,Vairë (Elf),Elves,,Lindo
120,TA 2910,TA 3012,Male,,"1.22m (4'0"")",Otho Sackville-Baggins,Hobbits,,Lobelia Sackville-Baggins
94,TA 2990,FO 63,Male,Dirty blond,Tall-6'6,Éomer,Men,Rohan,Lothíriel after the War of the Ring
448,FA 361,FA 455,Female,Dark brown,,Andreth,Men,,"Loved ,Aegnor, but they never married"
30,YT 1300,FA 465,Male,Golden,,Finrod,Elves,,"Loved ,Amarië but they never married"
194,YT,TA 1981,Female,Possibly golden,,Nimrodel,Elves,,"Loved ,Amroth"
463,"YT during the ,Noontide of Valinor",FA 455,Male,Golden,,Aegnor,Elves,,"Loved ,Andreth but remained unmarried"
454,YT,Still alive,Female,,,Amarië,Elves,,"Loved ,Finrod, but it is unknown whether they married"
189,FA 432,FA 466,Male,Dark,Tall,Beren,Men,,Lúthien Tinúviel
230,,,Female,,,Hanna (Goldworthy) Brandybuck,Hobbit,,Madoc Brandybuck
227,SR 1134,SR 1236,Male,,,"Gormadoc ""Deepdelver"" Brandybuck",Hobbits,Buckland,Malva Headstrong
274,Before the creation of Arda,Immortal,Female,,,Vairë,Ainur,"Valinor,Halls of Mandos",Mandos
269,Before the creation of Arda,Immortal,Female,,,Varda,Ainur,Arda,Manwë
242,TA 2980,FO 60,Male,,,Tolman Cotton Jr.,Hobbits,,Marigold Cotton
364,TA 2818,,Female,,,Adaldrida (Bolger) Brandybuck,Hobbits,,Marmadoc Brandybuck
315,FA 307,FA 398,Male,,,Malach,Men,,Meldis
391,YT 1050,FA 502,Male,Silver,"Tallest of the Elven-folk, 8'2""",Thingol,Elves,Doriath,Melian
361,TA 2985,"Before ,FO 63",Female,Dark Blonde,,Estella (Bolger) Brandybuck,Hobbits,,Meriadoc Brandybuck
310,TA 2950,,Female,,,Peony (Baggins) Burrows,Hobbits,,Milo Burrows
309,TA 2816,TA 2911,Male,,,Ponto Baggins,Hobbits,,Mimosa Bunce
29,"YT, and perhaps Firstborn",YT 1495,Male,Black,,Finwë,Elves,"Tirion,Formenos","Míriel Serindë then ,Indis"
63,TA 1950,TA 2076,Male,,,Imrazôr,Men,,Mithrellas
72,FA 441,FA 502,Male,"Golden, grey (in old age)",,Húrin,Men,,Morwen Eledhwen
392,TA 2905,TA 2980,Male,,,Thengel,Men,Rohan,Morwen Steelsheen
261,Possibly pre First Age,Unknown; possibly still alive,Most likely male,None,Huge,Watcher in the Water,Urulóki,Doors of Durin,Most likely none
51,TA 2904,TA 3005,Male,Brown Gray (movie),,Odo Proudfoot,Hobbits,,Mrs. Proudfoot
399,TA 2814,TA 2916,Female,,,Laura (Grubb) Baggins,Hobbits,,Mungo Baggins
337,YT 1169,YT 1497,Male,Raven,Tall,Fëanor,Elves,"Tirion,Formenos",Nerdanel
286,"Before the creation of ,Arda",Immortal,Male,Golden,,Tulkas,Ainur,"Valinor,House of Tulkas",Nessa
280,FA 464,FA 499,Male,Dark,Tall,Túrin,Men,,Nienor
157,"FA 470, ","FA 506, ",Male,Possibly dark,,Dior,Half-elven,Doriath,Nimloth
451,,TA 1981,Male,Golden,,Amroth,Elves,Lórien,Nimrodel
220,"Unknown, possibly during the ,First Age",FA 495,Male,Became grey in captivity,,Gwindor,Elves,,Love Finduilas
33,First Age,FA 495,Female,Golden,,Finduilas,Elves,,Love Gwindor
52,"Late ,Third Age",,Female,,,Mrs. Proudfoot,Hobbits,,Odo Proudfoot
170,TA 2938,,Female,,,Rosamunda (Took) Bolger,Men,,Odovacar Bolger
456,"Between ,SA 700, and ,SA 750","Early ,Second Age",Female,,,Ailinel,Men,,Orchaldor
277,"Before the creation of ,Arda",Immortal,Female,,,Uinen,,,Ossë
43,TA 2918,TA 3020,Female,,"1.17m (3'10"")",Lobelia Sackville-Baggins,Hobbit,,Otho Sackville-Baggins
112,"Late ,Third Age",Late Third Age,Female,,,Eglantine (Banks) Took,Hobbits,,Paladin Took II
36,SR 1210,,Male,,,Fastolph Bolger,Hobbits,Shire,Pansy Baggins
350,SR 1347,,Male,,,Milo Burrows,Hobbits,,Peony Baggins
158,TA 2995,"Before ,FO 63",Female,Brown (film),,Diamond Took,Hobbits,,Peregrin Took
174,TA 2942,FO 22,Male,Brown (movie),,Filibert Bolger,Hobbits,,Poppy Chubb-Baggins
368,TA 2865,,Male,,,Blanco Bracegirdle,Hobbits,,Primrose Boffin
405,TA 2908,TA 2980,Male,,,Drogo Baggins,Hobbits,,Primula Brandybuck
169,TA 2904,TA 3000,Male,,,Wilibald Bolger,Hobbits,,Prisca Baggins
76,FA 442,FA 473,Male,Golden,Tallest of all mortal men save his son Tuor only,Huor,Men,,Rían
182,"before ,TA 2860",,Female,,,Druda Burrows Boffin,Hobbits,,Rollo Boffin
374,SR 1240,SR 1341,Male,,,Hildigrim Took,Hobbits,,Rosa Baggins
171,TA 2935,FO 10,Male,,,Odovacar Bolger,Hobbits,,Rosamunda Took
329,"April 6 ,2980","Still alive, after going to the ,Undying Lands, in ,FO 61",Male,Blond (movie),"1.22m (4'0"")",Samwise Gamgee,Hobbits,,Rosie Cotton
136,TA 2846,,Male,,,Hob Gammidge,Hobbit,,Rowan
403,TA 2864,TA 2960,male,,,Fosco Baggins,Hobbits,,Ruby Bolger
353,TA 2913,TA 3012,Female,,,Asphodel (Brandybuck) Burrows,Hobbit,,Rufus Burrows
239,TA 2984,FO 61,Female,Light brown (film),,Rosie Cotton,Hobbits,,Sam Gamgee
363,TA 2936,,Female,,,Esmeralda Brandybuck,Hobbits,,Saradoc Brandybuck
362,TA 2954,,Female,,,Hilda Brandybuck,Hobbits,,Seredic Brandybuck
110,"Early ,Second Age",Early Second Age ,Male,,,Elatan,Men,,Silmariën
,birth,death,gender,hair,height,name,race,realm,spouse
89,SA 771,SA 985,Female,Dark,,Erendis,Men,Númenor,Tar-Aldarion
149,SA 852,SA 1211,Male,,,Hallacar,Men,,Tar-Ancalimë
457,,,Female,,,Almarian,Men,Númenor,Tar-Meneldur
5,SA 3118,Still alive,Male,,Tall,Ar-Pharazôn,Men,Númenor,Tar-Míriel
137,SA 2286,SA 2657,Male,,,Herucalmo,Men,,Tar-Vanimeldë
187,"Early  ,Third Age",,Female,,,Berúthiel,Men,Gondor,Tarannon Falastur
394,"Unknown, awakened in the ,Years of the Trees",,Female,,,Tatië,Elves,,Tata
396,"Unknown, awakened in the ,Years of the Trees",,Male,,,Tata,Elves,,Tatië
27,TA 2922,,Female,Dark,Tall,Morwen Steelsheen,Men,Rohan,Thengel
193,SR 1261,,Female,,,Nina Lightfoot,Hobbits,Shire,Theobald Bolger
102,TA 2950,TA 2978,Female,,,Elfhild,Men,Rohan,Théoden
164,TA 2961,TA 3002,Male,Blond,,Éomund,Men,,Théodwyn
207,"Before the creation of ,Arda","Did not die being a ,Maia returned to ,Valinor, after the death of her husband Thingol",Female,Dark,,Melian,Ainur,Doriath,Thingol
240,TA 2983,,Female,,,Marigold (Gamgee) Cotton,Hobbits,,Tolman Cotton
196,"Before the creation of ,Arda",Immortal,Female,,Varies,Nessa,Ainur,Valinor,Tulkas
68,YT 1469,Still Alive,Female,Golden,Tall,Idril,Elves,,Tuor
103,YT,YT 1500,Female,Golden,Tall,Elenwë,Elves,,Turgon
192,FA 473,FA 499,Female,Golden,Tall,Niënor,Men,,Túrin Turambar
351,TA 2857,,Female,,,Sapphira (Brockhouse) Boffin,Hobbits,,Uffo Boffin
122,"Before the creation ,Arda",Immortal,Male,,,Ossë,Ainur,,Uinen
323,"Late ,Second Age",Late Second Age ,Female,,,Lindórië,Men,,Unnamed husband
46,c. T.A. 2328,,Female,,,Rían (Gondor),Men,,Unnamed husband
202,"Late 26th century ,Third Age","Late ,Third Age",Female,,,Morwen (Gondor),Men,,Unnamed husband
1,TA 280,TA 515,Male,,,Tarcil,Men,Arnor,Unnamed wife
2,SA 2709,SA 2962,Male,,,Ar-Adûnakhôr,Men,Númenor,Unnamed wife
4,SA 3219,SA 3440,Male,,,Anárion,Men,Gondor,Unnamed wife
6,SA 2876,SA 3102,Male,,,Ar-Sakalthôr,Men,Númenor,Unnamed wife
8,TA 2866,TA 2977,Male,,,Angelimir,Men,,Unnamed wife
11,SA 2136,SA 2526,Male,,,Tar-Telemmaitë,Men,Númenor,Unnamed wife
12,SA 1174,SA 1574,Male,,,Tar-Súrion,Men,Númenor,Unnamed wife
13,SA 3035,SA 3255,Male,,,Tar-Palantir,Men,Númenor,Unnamed wife
15,SA 1474,SA 1873,Male,,,Tar-Minastir,Men,Númenor,Unnamed wife
16,SA 350,SA 751,Male,,,Tar-Elendil,Men,Númenor,Unnamed wife
17,SA 2516,SA 2825,Male,,,Tar-Calmacil,Men,Númenor,Unnamed wife
18,SA 1800,SA 2221,Male,,,Tar-Atanamir,Men,Númenor,Unnamed wife
20,SA 2618,SA 2899,Male,,,Tar-Ardamin,Men,Númenor,Unnamed wife
21,SA 1634,SA 2035,Male,,,Tar-Ciryatan,Men,Númenor,Unnamed wife
22,SA 1003,SA 1404,Male,,,Tar-Anárion,Men,Númenor,Unnamed wife
24,SA 1986,SA 2386,Male,,,Tar-Ancalimon,Men,Númenor,Unnamed wife
25,SA 192,SA 603,Male,,,Tar-Amandil,Men,Númenor,Unnamed wife
26,SA 2406,SA 2737,Male,,,Tar-Alcarin,Men,Númenor,Unnamed wife
35,TA 2701,TA 2801,Male,,,Ferumbras Took II,Hobbits,,Unnamed wife
37,TA 2560,TA 2803,Male,,,Farin,Dwarves,,Unnamed wife
39,TA 570,TA 830,Male,,,Siriondil,Men,Gondor,Unnamed wife
42,SR 1179,,Male,,,Sadoc Brandybuck,Hobbits,,Unnamed wife
44,TA 1126,TA 1366,Male,,,Rómendacil II,Men,Gondor,Unnamed wife
45,TA 310,TA 541,Male,,,Rómendacil I,Men,Gondor,Unnamed wife
54,"After ,SA 1320","Before ,SA 1731",Male,,,Isilmo,Men,,Unnamed wife
55,SA 3209,TA 2,Male,Black,Very tall almost 7'1,Isildur,Men,"Arnor,Gondor",Unnamed wife
60,"YT, and perhaps firstborn",Still Alive,Male,Probably Golden,Tall,Ingwë,Elves,"Valinor,Taniquetil",Unnamed wife
61,"Mid ,First Age",FA 495,Male,,,Indor,Men,,Unnamed wife
64,TA 2955,FO 34,Male,Black,Tall,Imrahil,Men,,Unnamed wife
65,around FA 325,First Age,Male,,,Imlach,Men,,Unnamed wife
70,TA 2515,TA 2628,Male,,,Húrin II,Men,,Unnamed wife
71,TA 2124,TA 2244,Male,,,Húrin I,Men,,Unnamed wife
74,TA 1391,TA 1621,Male,,,Hyarmendacil II,Men,Gondor,Unnamed wife
75,TA 899,TA 1149,Male,,,Hyarmendacil I,Men,Gondor,Unnamed wife
77,"Late ,FA",FA 499,Male,,,Hunthor,Men,,Unnamed wife
78,"Late ,First Age",FA 473,Male,,,Hundar,Men,,Unnamed wife
79,"Mid ,FA",Mid FA ,Male,,,Hundad,Men,,Unnamed wife
82,TA 1883,TA 2043,Male,,,Eärnil II,Men,Gondor,Unnamed wife
83,TA 736,TA 936,Male,,,Eärnil I,Men,Gondor,Unnamed wife
84,SA 361,"Early ,Second Age",Male,,,Eärendur of Númenor,Men,,Unnamed wife
85,TA 640,TA 861,Male,,,Eärendur of Arnor,,,Unnamed wife
86,TA 48,TA 324,Male,,,Eärendil of Gondor,Men,Gondor,Unnamed wife
91,TA 1999,TA 2116,Male,,,Eradan,Men,,Unnamed wife
93,TA 2485,TA 2545,Male,Blond,,Eorl the Young,Men,Rohan,Unnamed wife
99,FA 532,SA 442,Male,,,Elros,Half-elven,Númenor,Unnamed wife
101,TA 2987,FO 57,Male,,,Elphir,Men,,Unnamed wife
104,TA 552,TA 777,Male,,,Elendur of Arnor,Men,Arnor,Unnamed wife
105,SA 3299,TA 2,Male,,,Elendur,Men,,Unnamed wife
106,SA 3119,SA 3441 ,Male,Brown,"7' 10""",Elendil,Men,"Arnor,Gondor",Unnamed wife
108,TA 1255,TA 1490,Male,,,Eldacar (King of Gondor),Men,Gondor,Unnamed wife
109,TA 87,TA 339,Male,,,Eldacar (King of Arnor),Men,Arnor,Unnamed wife
114,TA 2626,TA 2743,Male,,,Egalmoth,Men,,Unnamed wife
115,TA 2886,TA 2984,Male,,,Ecthelion II,Men,,Unnamed wife
118,TA 3011,,Male,,,Borlas,Men,,Unnamed wife
119,"Late ,First Age",FA 473,Male,,,Borlad,Men,,Unnamed wife
121,TA 222,TA 492,Male,,,Ostoher,Men,Gondor,Unnamed wife
123,First Age,SA 3434,Male,,,Oropher,Elves,Woodland Realm,Unnamed wife
125,TA 2576,TA 2685,Male,,,Orodreth (Steward),Men,,Unnamed wife
126,YT,"FA 495 ,Battle of Tumhalad",Male,Golden,,Orodreth,Elves,Nargothrond,Unnamed wife
128,TA 1787,TA 1944,Male,,,Ondoher,Men,Gondor,Unnamed wife
129,Possibly Firstborn,Still Alive,Male,Silver,,Olwë,Elves,"Tol Eressëa,Alqualondë",Unnamed Wife
130,TA 2923,"Early ,Fourth Age",Male,,,Old Noakes,Hobbits,,Unnamed wife
132,Late Second Age ,SA 3065,Male,,,Númendil,Men,,Unnamed wife
133,TA 2338,TA 2585,Male,,,Náin II,Dwarves,Grey Mountains,Unnamed wife
134,TA 1832,TA 1981,Male,,,Náin I,Dwarves,Khazad-dûm,Unnamed wife
135,TA 2665,TA 2799,Male,,,Náin (father of Dáin II Ironfoot),Dwarves,,Unnamed wife
138,"Late-,Third Age","March 15 ,3019",Male,,,Herubrand,Men,,Unnamed wife
139,TA 2037,TA 2148,Male,,,Herion,Men,,Unnamed wife
140,"Late-,Third Age","March 15 ,3019",Male,Gray,,Herefara,Men,,Unnamed wife
141,TA 2691,TA 2759,Male,,,Helm Hammerhand,Men,Rohan,Unnamed wife
142,"Sometime before ,SA 799",,Male,,,Hatholdir,Men,,Unnamed wife
145,TA 2760,,Male,,,Hamfast of Gamwich,Hobbit,,Unnamed wife
146,"Late ,First Age",Late First Age ,Male,,,Halmir,Men,,Unnamed wife
147,SA 711,"Mid ,Second Age",Male,,,Hallatan,Men,,Unnamed wife
148,TA 2480,TA 2605,Male,,,Hallas (Steward),Men,,Unnamed wife
152,TA 2245,TA 2395,Male,,,Hador (Steward),Men,,Unnamed wife
153,TA 2767,"March 17 ,3019",Male,,4'5 - 5' (Estimate) ,Dáin II Ironfoot,Dwarves,Lonely Mountain,Unnamed wife
154,TA 2440,TA 2589,Male,,,Dáin I,Dwarves,Grey Mountains,Unnamed wife
155,"Late-,Third Age","Early-,Fourth Age",Male,Dark (Decipher Card),Tall,Duinhir,Men,,Unnamed wife
160,TA 2375,TA 2477,Male,,,Denethor I,Men,,Unnamed wife
162,"During the ,Noontide of Valinor",FA 506,Male,Dark,,Curufin,Elves,Himlad,Unnamed wife
163,TA 2238,TA 2488,Male,,,Óin (King of Durin's Folk),Men,Grey Mountains,Unnamed wife
165,"c. ,TA 2544",,Male,,,Éofor,Men,,Unnamed wife
167,"Late-,Third Age","Early-,Fourth Age",Male,,,Wídfara,Men,,Unnamed wife
177,TA 2894,TA 2986,Male,,,Jago Boffin,Hobbits,,Unnamed wife
185,TA 2767,TA 2858,Male,,,Bosco Boffin,Hobbits,,Unnamed wife
188,TA 2655,TA 2763,Male,,,Beren (Steward),Men,,Unnamed wife
190,"Mid ,First Age",,Male,,,Beren (Belemir's son),Men,,Unnamed wife
191,SA 222,"Early ,Second Age",Male,,,Nolondil,Men,,Unnamed wife
198,TA 1684,TA 1856,Male,,,Narmacil II,Men,,Unnamed wife
200,"Early ,First Age",FA 502,Male,,,Mîm,Dwarves,,Unnamed wife
205,TA 1454,TA 1634,Male,,,Minardil,Men,Gondor,Unnamed wife
206,SA 3318,TA 158,Male,,,Meneldil,Men,Gondor,Unnamed wife
210,SR 1182,,Male,,,Marroc Brandybuck,Hobbit,,Unnamed wife
211,SR 1343,,Male,,,Marmadas Brandybuck,Hobbits,,Unnamed wife
212,"Mid-,Third Age",Mid-Third Age ,Male,,,Marhwini,Men,,Unnamed wife
213,"Mid ,Third Age",TA 1856,Male,,,Marhari,Men,,Unnamed wife
214,TA 1960,TA 2080,Male,,,Mardil Voronwë,Men,,Unnamed wife
215,FA 282,FA 376,Male,,,Marach,Men,,Unnamed wife
219,TA 2940,TA 3015,Male,,,Gálmód,Men,,Unnamed wife
221,,,Male,,,Guilin,Elves,,Unnamed wife
222,TA 2563,TA 2805,Male,,,Grór,Dwarves,,Unnamed wife
223,TA 2671,TA 2923,Male,,,Gróin,Dwarves,,Unnamed wife
226,TA 2668,TA 2741,Male,,,Gram,Men,Rohan,Unnamed wife
228,TA 2274,,Male,,,Gorhendad (Oldbuck) Brandybuck,Hobbits,,Unnamed wife
229,TA 2908,"Before ,TA 3001",Male,,,Gorbulas Brandybuck,Hobbits,,Unnamed wife
232,TA 2136,TA 2385,Male,,,Glóin (King of Durin's Folk),Dwarves,Grey Mountains,Unnamed wife
233,TA 2783,FO 15,Male,"Red, later White",,Glóin,Dwarves,,Unnamed wife
234,TA 2732,TA 2770,Male,,,Girion,Men,,Unnamed wife
235,SA 3044,SA 3243,Male,,,Gimilkhâd,Men,,Unnamed wife
244,TA 820,TA 1015,Male,,,Ciryandil,Men,Gondor,Unnamed wife
245,TA 2449,TA 2567,Male,,,Cirion,Men,,Unnamed wife
246,TA 2903,TA 2999,Male,,,Falco Chubb-Baggins,Hobbits,,Unnamed wife
247,SA 575,,Male,,,Cemendur (son of Axantur),Men,,Unnamed wife
248,SA 3399,TA 238,Male,,,Cemendur,Men,Gondor,Unnamed wife
249,TA 979,TA 1191,Male,,,Celepharn,Men,Arthedain,Unnamed wife
251,TA 1062,TA 1272,Male,,,Celebrindor,Men,Arthedain,Unnamed wife
253,TA 1259,TA 1447,Male,,,Castamir the Usurper,Men,Gondor,Unnamed wife
254,"During the ,Noontide of Valinor",FA 506,Male,Dark,,Caranthir,Elves,,Unnamed wife
255,TA 1058,TA 1304,Male,,,Calmacil,Men,Gondor,Unnamed wife
256,SA 512,SA 900,Male,,,Caliondo,Men,,Unnamed wife
257,TA 1736,TA 1936,Male,,,Calimehtar,Men,Gondor,Unnamed wife
258,"Late ,First Age",FA 473,Male,,,Bór,Men,,Unnamed wife
259,FA 262,FA 355,Male,,,Bëor,Men,,Unnamed wife
260,TA 2800,,Male,,,Wiseman Gamwich,Hobbit,,Unnamed wife
262,TA 2780,TA 2851,Male,,,Walda,Men,,Unnamed wife
263,SA 425,"Early ,Second Age",Male,,,Vëantur,Men,,Unnamed wife
265,TA 1919,TA 2029,Male,,,Vorondil,Men,,Unnamed wife
267,"Mid-,Third Age",,Male,,,Vidugavia,Men,Rhovanion,Unnamed wife
268,SA 61,SA 471,Male,,,Vardamir Nólimon,Men,Númenor,Unnamed wife
270,TA 462,TA 652,Male,,,Valandur,Men,Arnor,Unnamed wife
271,SA 3430,TA 249,Male,,,Valandil,Men,Arnor,Unnamed wife
275,"Late ,First Age",FA 473,Male,,,Ulfang,Men,,Unnamed wife
276,"Early ,Second Age",Mid Second Age ,Male,,,Ulbar,Men,,Unnamed wife
278,TA 2815,TA 2914,Male,,,Túrin II,Men,,Unnamed wife
279,TA 2165,TA 2278,Male,,,Túrin I,Men,,Unnamed wife
281,TA 2855,TA 2953,Male,,,Turgon (Steward),Men,,Unnamed wife
283,TA 397,TA 667,Male,,,Turambar,Men,Gondor,Unnamed wife
285,YT,,Male,,,Tulkastor,Elves,,Unnamed wife
288,TA 2890,TA 2981,Male,,,Sigismond Took,Hobbits,,Unnamed wife
290,TA 2976,Fourth Age,Male,,,Beregond (Captain),Men,,Unnamed wife
291,TA 2700,TA 2811,Male,,,Beregond,Men,,Unnamed wife
292,FA 292,,Male,,,Belen,Men,,Unnamed wife
294,"Late ,First Age",FA 460,Male,,,Belegund,Men,,Unnamed wife
295,TA 2074,TA 2204,Male,,,Belegorn,Men,,Unnamed wife
296,TA 811,TA 1029,Male,,,Beleg of Arnor,Men,"Arnor,Arthedain",Unnamed wife
297,TA 2752,TA 2872,Male,,,Belecthor II,Men,,Unnamed wife
298,TA 2545,TA 2655,Male,,,Belecthor I,Men,,Unnamed wife
300,FA 316,,Male,,,Beldir,Men,,Unnamed wife
301,TA 2898,TA 2977,Male,Black (films),,Bard,Men,Dale,Unnamed wife
302,FA 317,,Male,,,Baranor,Men,,Unnamed wife
303,FA 289,FA 380,Male,,,Baran,Men,Estolad,Unnamed wife
304,TA 2290,TA 2412,Male,,,Barahir (Steward),Men,Gondor,Unnamed wife
306,FA 420,FA 460,Male,,,Baragund,Men,,Unnamed wife
307,TA 2925,TA 3007,Male,Brown (film),"1.76m / 5'9"" (film)",Bain,Men,Dale,Unnamed wife
308,TA 2946,,Male,,,Ponto Baggins II,Hobbits,,Unnamed wife
311,TA 1144,TA 1349,Male,,,Malvegil,Men,Arthedain,Unnamed wife
313,TA 895,TA 1110,Male,,,Mallor,Men,"Arthedain,Arnor",Unnamed wife
316,UnknownYT,Still alive,Male,Brown with copperlike-red,,Mahtan,Elves,,Unnamed wife
317,"During the ,Noontide of Valinor",Fate unknown,Male,Dark,,Maglor,Elves,,Unnamed wife
318,TA 2948,,Male,Brown,,Farmer Maggot,Hobbits,,Unnamed wife
320,TA 2752,TA 2842,Male,,,Brytta Léofa,Men,Rohan,Unnamed wife
321,TA 2459,TA 2501,Male,,,Léod,Men,,Unnamed wife
326,YT,YT (possibly),Male,,,Lenwë,Elves,,Unnamed wife
327,"Late ,First Age",,Male,,,Larnach,Men,,Unnamed wife
331,FO 2,FO ,Male,,,Frodo Gardner,Hobbits,,Unnamed wife
334,,,Male,,,Galathil,Elves,,Unnamed Wife
335,TA 2004,TA 2129,Male,,,Galador,Half-elven,,Unnamed wife
338,TA 2662,TA 2799,Male,,,Fundin,Dwarves,,Unnamed wife
339,TA 2726,TA 2798,Male,,,Fréaláf Hildeson,Men,Rohan,Unnamed wife
340,TA 2570,TA 2659,Male,,,Fréa,Men,Rohan,Unnamed wife
341,TA 1940,TA 2001,Male,,,Frumgar,Men,,Unnamed wife
342,TA 2698,TA 2754,Male,Dark,,Freca,Men,,Unnamed wife
345,TA 2745,TA 2848,Male,,,Fortinbras Took I,Hobbits,,Unnamed wife
348,TA 2830,TA 2903,Male,,,Folcwine,Men,Rohan,Unnamed wife
349,TA 2804,TA 2864,Male,,,Folca,Men,,Unnamed wife
352,"Mid ,First Age",Late First Age ,Male,,,Bregor,Men,,Unnamed wife
354,"Late ,First Age",FA 455,Male,,,Bregolas,Men,,Unnamed wife
355,TA 2512,TA 2570,Male,,,Brego,Men,Rohan,Unnamed wife
365,TA 2957,"March 17 ,3019",Male,,,Brand,Men,"Dale,Laketown",Unnamed wife
367,TA 2913,TA 3010,Male,,,Bruno Bracegirdle,Hobbits,,Unnamed wife
369,First Age,First Age ,Male,,,Boron,Men,,Unnamed wife
370,TA 2410,TA 2489,Male,,,Boromir (Steward),Men,,Unnamed wife
371,FA 338,FA 432,Male,,,Boromir (House of Bëor),Men,,Unnamed wife
376,TA 2928,FO 2,Male,,,Adelard Took,Hobbits,,Unnamed wife
378,TA 2880,TA 2982,Male,,,Adalgrim Took,Hobbits,,Unnamed wife
380,TA 2666,TA 2759,Male,,,Isumbras Took III,Hobbits,,Unnamed wife
381,TA 2620,TA 2722,Male,,,Isengrim Took II,Hobbits,,Unnamed wife
385,TA 2542,TA 2790,Male,Grey-white,,Thrór,Dwarves,"Grey Mountains,Lonely Mountain",Unnamed wife
386,TA 2644,TA 2850,Male,,,Thráin II,Dwarves,Lonely Mountain,Unnamed wife
387,First Age,"Presumably departed to ,Aman",Male,Golden,Tall,Thranduil,Elves,"Woodland Realm,Mirkwood",Unnamed wife
388,TA 1934,TA 2190,Male,,,Thráin I,Dwarves,Khazad-dûm,Unnamed wife
389,TA 2782,TA 2882,Male,,,Thorondir,Men,,Unnamed wife
390,TA 2035,TA 2289,Male,,,Thorin I,Dwarves,"Lonely Mountain,Grey Mountains",Unnamed wife
393,TA 1516,TA 1636,Male,,,Telemnar,Men,Gondor,Unnamed wife
395,TA 1632,TA 1850,Male,,,Telumehtar,Men,Gondor,Unnamed wife
397,TA 372,TA 602,Male,,,Tarondor of Arnor,Men,Arnor,Unnamed wife
400,TA 1577,TA 1798,Male,,,Tarondor,Men,Gondor,Unnamed wife
401,"After ,TA 654","Before ,TA 913",Male,,,Tarciryan,Men,,Unnamed wife
404,TA 2911,TA 3009,Male,,,Dudo Baggins,Hobbits,,Unnamed wife
409,SA 395,,Male,,,Axantur,Men,,Unnamed wife
411,SA 213,"Early ,Second Age",Male,,,Aulendil (Vardamir's son),Men,,Unnamed wife
412,TA 977,TA 1226,Male,,,Atanatar II,Men,Gondor,Unnamed wife
413,TA 480,TA 748,Male,,,Atanatar I,Men,Gondor,Unnamed wife
416,TA 1633,TA 1813,Male,,,Arveleg II,Men,"Arthedain,Arnor",Unnamed wife
417,TA 1309,TA 1409,Male,,,Arveleg I,Men,"Arnor,Arthedain",Unnamed wife
418,TA 1553,TA 1743,Male,,,Arvegil,Men,"Arthedain,Arnor",Unnamed wife
420,TA 2757,TA 2912,Male,,,Argonui,Men,,Unnamed wife
421,TA 1473,TA 1670,Male,,,Argeleb II,Men,Arthedain,Unnamed wife
422,TA 1226,TA 1356,Male,,,Argeleb I,Men,"Arthedain,Arnor",Unnamed wife
424,"After ,TA 1684",,Male,,,Arciryas,Men,,Unnamed wife
425,TA 2497,TA 2654,Male,,,Aravorn,Men,,Unnamed wife
426,TA 2156,TA 2319,Male,,,Aravir,Men,,Unnamed wife
427,TA 1711,TA 1891,Male,,,Araval,Men,"Arthedain,Arnor",Unnamed wife
429,TA 2693,TA 2848,Male,,,Arathorn I,Men,,Unnamed wife
431,TA 2628,TA 2784,Male,,,Arassuil,Men,,Unnamed wife
432,TA 1391,TA 1589,Male,,,Araphor,Men,Arthedain,Unnamed wife
433,TA 185,TA 435,Male,,,Arantar,Men,Arnor,Unnamed wife
434,TA 1789,TA 1964,Male,,,Araphant,Men,Arthedain,Unnamed wife
435,,,Male,,,Aranwë,Elves,,Unnamed wife
436,TA 2084,TA 2247,Male,,,Aranuir,Men,,Unnamed wife
437,TA 1938,TA 2106,Male,,,Aranarth,Men,,Unnamed wife
438,TA 2012,TA 2177,Male,,,Arahael,Men,,Unnamed wife
439,TA 2563,TA 2719,Male,,,Arahad II,Men,,Unnamed wife
440,TA 2365,TA 2523,Male,,,Arahad I,Men,,Unnamed wife
441,TA 2431,TA 2588,Male,,,Aragost,Men,,Unnamed wife
443,TA 2227,TA 2327,Male,,,Aragorn I,Men,,Unnamed wife
444,TA 2296,TA 2455,Male,,,Araglas,Men,,Unnamed wife
445,TA 2820,TA 2930,Male,"Dark, then grey (film)",,Arador,Men,,Unnamed wife
446,SA 2798,SA 3033,Male,,,Ar-Zimrathôn,Men,Númenor,Unnamed wife
447,FA 440,FA 489,Male,,,Andróg,Men,,Unnamed wife
449,TA 136,TA 411,Male,,,Anardil,Men,Gondor,Unnamed wife
452,TA 726,TA 946,Male,,,Amlaith,Men,Arthedain,Unnamed wife
453,"Sometime during ,Years of the Trees, or the ,First Age",SA 3434,Male,,,Amdír,Elves,Lórien,Unnamed wife
455,"Late ,Second Age",Sailed West either SA 3310 fate unknown,Male,,,Amandil,Men,,Unnamed wife
459,TA 2544,TA 2645,Male,,,Aldor,Men,Rohan,Unnamed wife
460,TA 1330,TA 1540,Male,,,Aldamir,Men,Gondor,Unnamed wife
461,TA 2827,TA 2932,Male,,,Aglahad,Men,,Unnamed wife
464,TA 2917,TA 3010,Male,,,Adrahil II,Men,,Unnamed wife
57,TA 2842,TA 2946,Male,,,Isembold Took,Hobbits,,Unnamed wife 
379,TA 2701,TA 2800,Male,,"1.35m (4'5"")",Bandobras Took,Hobbit,,Unnamed wife 
218,Before the creation of Arda,,Male,,,Mandos,Ainur,,Vairë
324,YT,,Male,,,Lindo,Elves,,Vairë
266,"Before ,TA 1255",TA 1344,Female,,,Vidumavi,Men,,Valacar
124,"Before the creation of ,Arda",Immortal,Male,,Varies,Oromë,Ainur,,Vána
216,Before the Creation of Arda,Immortal,Male,,,Manwë,Ainur,"Arda,Valinor",Varda
272,TA 1194,TA 1432,Male,,,Valacar,Men,Gondor,Vidumavi
410,"Before the creation of ,Arda",Immortal,Male,,,Aulë,Ainur,,Yavanna